,"last_name, first_name",pitcher,n_ff,n_si,n_fc,n_sl,n_ch,n_cu,n_fs,n_kn,n_st,n_sv
0,"Webb, Logan",657277,5.3,39.9,2.6,,30.9,,,,21.3,
1,"Nola, Aaron",605400,27.8,20.4,9.2,,9.6,32.9,,,,
2,"Cease, Dylan",656302,43.5,,0.6,42.9,0.9,7.9,,,4.2,
3,"Wheeler, Zack",554430,41.4,19.0,9.6,,,10.1,7.3,,12.5,
4,"Ragans, Cole",666142,41.8,,11.3,12.8,23.7,10.4,,,,
5,"Lugo, Seth",607625,24.0,18.5,8.2,9.5,6.9,16.1,2.6,,4.0,10.1
6,"Rodón, Carlos",607074,49.4,,3.5,26.0,12.9,8.3,,,,
7,"Peralta, Freddy",642547,53.9,,,21.6,17.5,7.1,,,,
8,"Irvin, Jake",663623,37.9,20.5,6.5,0.3,3.5,31.3,,,,
9,"Gilbert, Logan",669302,30.8,1.5,10.6,32.0,,11.8,13.4,,,
10,"Manaea, Sean",640455,11.3,44.7,7.1,5.9,11.8,,,,19.2,
11,"Burnes, Corbin",669203,,7.8,45.0,12.8,11.1,21.5,,,1.8,
12,"Gore, MacKenzie",669022,55.3,,,14.3,9.3,19.6,,,1.6,
13,"López, Pablo",641154,40.8,7.3,,,20.1,9.9,,,21.9,
14,"Kirby, George",669923,33.9,23.6,0.4,23.7,,8.2,10.2,0.0,,
15,"Singer, Brady",663903,11.3,41.3,,40.3,1.9,,,,5.2,
16,"Bassitt, Chris",605135,4.5,40.7,19.7,4.4,5.3,13.7,4.3,,7.4,
17,"Kikuchi, Yusei",579328,47.0,,,23.6,11.1,18.3,,,,
18,"Berríos, José",621244,18.3,33.7,3.5,,16.0,,,,,28.6
19,"Anderson, Tyler",542881,39.6,3.3,18.5,1.3,37.1,0.1,,,,
20,"King, Michael",650633,24.1,27.9,,5.6,24.6,,,,17.8,
21,"Fedde, Erick",607200,0.3,30.8,32.3,,16.4,,,,20.2,
22,"Brown, Hunter",686613,34.8,18.1,16.8,5.3,12.6,12.5,,,,
23,"Severino, Luis",622663,35.5,24.8,8.1,7.0,7.5,,,,17.2,
24,"Corbin, Patrick",571578,7.6,33.8,19.2,34.3,3.4,1.7,,,,
25,"Canning, Griffin",656288,37.6,1.0,,24.0,26.7,10.7,,,,
26,"Gausman, Kevin",592332,52.8,5.4,,8.4,,,33.4,,,
27,"Castillo, Luis",622491,45.3,18.0,,22.4,14.3,,,,,
28,"Sears, JP",676664,36.3,10.6,,9.8,19.2,,,,24.1,
29,"Bibee, Tanner",676440,43.4,0.3,24.5,6.9,18.0,6.9,,,,
30,"Cortes, Nestor",641482,44.2,1.4,28.0,0.9,9.7,,,,15.8,
31,"Keller, Mitch",656605,30.4,22.0,12.2,9.5,0.7,9.6,,,15.5,
32,"Skubal, Tarik",669373,33.2,20.5,,14.9,27.2,4.2,,,,
33,"Crawford, Kutter",676710,33.7,,32.1,,,7.2,8.6,,18.5,
34,"Quintana, Jose",500779,22.5,30.4,,,19.3,21.9,,,,6.0
35,"Sale, Chris",519242,37.8,7.2,,40.3,14.7,,,,,
36,"Sánchez, Cristopher",650911,,47.3,0.1,16.9,35.7,,,,,
37,"Flexen, Chris",623167,37.0,0.2,26.1,8.7,15.7,12.2,,,,
38,"Pfaadt, Brandon",694297,33.4,22.2,,,11.2,5.3,0.6,,27.3,
39,"Morton, Charlie",450203,28.9,9.9,7.8,,11.0,42.4,,,,
40,"Gibson, Kyle",502043,13.2,26.4,21.1,,9.9,8.6,,,20.7,
41,"Fried, Max",608331,33.6,15.6,4.7,5.6,13.6,21.0,,,5.9,
42,"Blanco, Ronel",669854,38.3,,,30.2,22.1,9.4,,,,
43,"Miller, Bryce",682243,42.3,17.1,2.3,8.3,,4.4,17.1,,8.5,
44,"Houck, Tanner",656557,,32.4,1.5,,,,24.8,,41.4,
45,"Heaney, Andrew",571760,50.1,1.4,0.1,27.8,17.0,3.6,,,,
46,"Bello, Brayan",678394,4.8,40.3,,28.0,26.9,,,,,
47,"Mikolas, Miles",571945,27.9,23.2,,24.2,8.5,12.1,,,4.1,
48,"Civale, Aaron",650644,9.9,24.0,32.2,1.4,,15.6,2.0,,14.9,
49,"Ober, Bailey",641927,38.1,,19.5,11.8,29.4,1.1,,,,
50,"Gil, Luis",661563,48.8,,,25.9,25.3,,,,,
51,"Stroman, Marcus",573186,3.2,35.1,18.3,16.0,,2.6,11.0,,,13.9
52,"Rea, Colin",607067,19.3,31.1,19.4,,,4.2,8.8,,17.2,
53,"Quantrill, Cal",615698,,40.2,13.5,,1.8,12.6,32.0,,,
54,"Montas, Frankie",593423,33.2,19.1,18.7,10.7,,,18.3,,,
55,"Eovaldi, Nathan",543135,37.4,,14.8,3.3,,13.7,30.8,,,
56,"Gomber, Austin",596295,40.3,0.1,,16.7,20.5,22.4,,,,
57,"Wacha, Michael",608379,23.8,15.3,11.4,9.2,32.2,8.1,,,,
58,"Valdez, Framber",664285,1.2,45.8,,4.3,17.5,31.3,,,,
59,"Imanaga, Shota",684007,52.0,2.1,0.5,,3.9,3.3,30.6,,7.7,
60,"Feltner, Ryan",663372,37.0,12.7,,20.5,14.7,10.1,,,5.0,
61,"Flaherty, Jack",656427,44.3,2.1,,29.0,2.7,21.8,,,,
62,"Greene, Hunter",668881,55.2,,,34.6,,1.8,8.3,,,
63,"Assad, Javier",665871,15.8,35.7,21.6,1.7,4.6,11.6,,,9.0,
64,"Gallen, Zac",668678,46.3,0.1,3.1,8.7,14.0,27.7,,,,
65,"Arrighetti, Spencer",681293,41.0,,19.6,0.1,8.6,19.9,,,10.8,
66,"Littell, Zack",641793,22.1,14.8,,34.8,,,23.2,,5.1,
67,"Gray, Sonny",543243,23.9,17.8,17.8,,6.4,13.9,,,20.1,
68,"Taillon, Jameson",592791,29.6,10.9,25.1,,4.3,14.7,,,15.5,
69,"Spence, Mitch",687765,,14.6,39.6,32.7,1.1,12.1,,,,
70,"Waldron, Matt",663362,19.1,14.3,8.6,,,,,38.2,19.8,
71,"Eflin, Zach",621107,8.9,28.3,28.2,0.2,6.0,18.8,,,9.4,
72,"Lively, Ben",594902,31.4,29.0,,4.9,9.1,8.8,,,16.9,
73,"Nelson, Ryne",669194,55.7,,18.4,8.5,9.9,5.7,,,1.8,
74,"Parker, Mitchell",680730,48.6,,,9.8,,22.5,19.1,,,
75,"Crochet, Garrett",676979,53.7,2.1,28.4,0.0,5.9,,,,9.8,
76,"Pivetta, Nick",601713,48.6,,5.9,3.4,,16.3,,,25.7,
77,"Suárez, Ranger",624133,19.5,31.5,12.1,0.1,16.3,20.5,,,,
78,"Abbott, Andrew",671096,53.5,,,0.2,16.3,11.6,,,18.3,
79,"Woods Richardson, Simeon",680573,40.3,,,31.2,19.3,9.3,,,,
80,"Bradley, Taj",671737,41.7,,22.5,,,8.9,26.9,,,
81,"Rogers, Trevor",669432,31.7,24.0,,20.6,23.8,,,,,
82,"Suárez, Albert",544150,50.0,,19.5,,17.2,13.3,,,,
83,"Pérez, Martín",527048,5.3,35.8,22.1,0.0,22.7,14.1,,,,
84,"Kremer, Dean",665152,32.1,15.0,23.0,,,11.4,18.5,,,
85,"Marsh, Alec",679525,37.0,13.8,,17.9,10.0,16.4,,,4.9,
86,"Myers, Tobias",668964,40.1,0.5,23.0,21.0,11.4,4.1,,,,
87,"Stone, Gavin",694813,24.7,22.6,5.3,14.8,26.6,4.2,,,1.7,
88,"Pepiot, Ryan",686752,50.6,,6.0,17.3,23.5,2.7,,,,
89,"Ortiz, Luis L.",682847,26.8,25.8,19.7,26.8,0.9,,,,,
90,"Falter, Bailey",663559,48.5,14.2,,21.6,,15.2,0.6,,,
91,"Hendricks, Kyle",543294,12.7,35.5,,,38.7,13.1,,,,
92,"Skenes, Paul",694973,39.2,28.4,,6.1,5.4,10.8,,,10.1,
93,"Martinez, Nick",607259,22.4,17.6,20.3,6.1,21.6,11.9,,,,
94,"López, Reynaldo",625643,55.2,,,29.4,3.8,11.6,,,,
95,"Ryan, Joe",657746,48.5,6.0,,7.1,,,22.2,,16.2,
96,"Lorenzen, Michael",547179,27.2,21.2,10.0,8.8,18.8,7.9,,,6.1,
97,"Harrison, Kyle",690986,57.7,,,0.3,19.7,0.0,,,,22.3
98,"Steele, Justin",657006,59.5,5.3,,29.7,3.3,2.2,,,,
99,"Lynn, Lance",458681,47.2,16.7,22.3,,6.3,6.2,,,1.3,
100,"Cannon, Jonathan",686563,12.3,28.0,19.2,,18.7,,,,21.8,
101,"Estes, Joey",683155,51.7,3.4,0.7,13.6,11.1,,,,19.5,
102,"Glasnow, Tyler",607192,45.0,8.7,,27.7,,18.6,,,,
103,"Maeda, Kenta",628317,22.5,7.2,1.6,23.0,,1.6,31.2,,13.0,
104,"Hicks, Jordan",663855,5.4,51.5,,,,,19.1,,24.1,
105,"Pallante, Andre",669467,51.1,19.0,,17.2,,12.6,,,,
106,"Montgomery, Jordan",656756,17.3,30.8,,1.8,19.3,30.7,,,,
107,"Jones, Jared",683003,49.3,,,34.8,6.6,9.3,,,,
108,"Schwellenbach, Spencer",680885,29.1,6.8,16.8,19.9,,14.6,12.8,,,
109,"Rodriguez, Grayson",680570,46.5,1.2,,15.8,21.0,15.5,,,,
110,"Peterson, David",656849,26.5,31.0,,18.4,16.4,7.6,,,,
111,"Lodolo, Nick",666157,43.0,13.3,,,16.4,27.3,,,,
112,"Olson, Reese",681857,23.6,20.3,,27.8,22.3,6.0,,,,
113,"Mize, Casey",663554,38.6,8.0,,27.7,,7.5,18.1,,,
114,"Snell, Blake",605483,46.4,,,10.0,17.5,26.1,,,,
115,"Freeland, Kyle",607536,20.2,24.5,,22.7,13.7,18.8,,,,
116,"Irvin, Cole",608344,26.4,20.0,10.9,4.1,13.4,25.2,,,,
117,"Ureña, José",570632,6.3,40.9,,34.2,18.6,,,,,
118,"Criswell, Cooper",681867,,29.7,15.4,1.9,26.1,,,,26.8,
119,"Soriano, José",667755,14.6,46.4,,5.5,,25.4,8.1,,,
120,"Cabrera, Edward",665795,27.4,9.2,,8.5,33.2,21.7,,,,
121,"Woo, Bryan",693433,49.0,23.0,,9.6,9.4,,,,9.1,
122,"Paxton, James",572020,55.1,5.0,3.1,,6.6,30.3,,,,
123,"Carrasco, Carlos",471911,25.8,16.5,,24.3,23.3,6.9,,,3.2,
124,"Dunning, Dane",641540,2.8,37.7,18.8,23.4,12.5,4.7,,,,
125,"Vásquez, Randy",681190,28.5,15.7,13.7,,12.4,19.7,,,10.0,
126,"Alexander, Tyler",641302,22.3,13.1,31.8,0.3,13.7,,,,18.8,
127,"Allen, Logan",671106,48.4,,14.6,,18.3,,,,18.7,
128,"Wilson, Bryse",669060,15.0,32.0,34.9,,4.2,13.9,,,,
129,"Gray, Jon",592351,44.4,,,43.9,7.1,4.6,,,,
130,"Herz, DJ",687792,54.2,,,17.9,24.5,3.3,,,,
131,"Musgrove, Joe",605397,24.6,4.4,20.4,0.3,7.8,22.5,,,20.0,
132,"Verlander, Justin",434378,48.7,,,19.3,10.1,21.9,,,,
133,"Francis, Bowden",670102,51.3,2.9,,9.2,,18.2,18.4,,,
134,"Detmers, Reid",672282,46.8,,,24.4,14.1,14.6,,,0.1,
135,"Spiers, Carson",686730,29.9,17.5,16.0,0.8,12.1,,,,23.7,
136,"Montero, Keider",672456,41.7,7.7,,28.3,10.7,11.7,,,,
137,"Cole, Gerrit",543037,45.6,0.8,15.8,15.1,4.0,18.7,,,,
138,"Yarbrough, Ryan",642232,21.5,25.6,9.9,,15.5,27.5,,,,
139,"Hudson, Dakota",641712,15.3,32.6,0.5,24.4,9.9,17.2,,,,
140,"Rodríguez, Yariel",684320,40.9,10.8,,28.2,,10.5,9.6,,,
141,"Muñoz, Roddery",682610,26.9,22.8,21.2,19.8,9.3,,,,,
142,"Fulmer, Carson",608334,23.4,23.7,,16.1,27.0,5.6,,,4.3,
143,"Yamamoto, Yoshinobu",808967,40.4,2.9,6.1,3.3,,23.1,24.2,,0.1,
144,"Paddack, Chris",663978,42.9,,,17.7,25.9,13.6,,,,
145,"Schmidt, Clarke",657376,,21.0,35.0,,0.6,18.2,,,25.2,
146,"Sandoval, Patrick",663776,16.0,17.4,,24.7,28.3,9.0,,,4.6,
147,"Soroka, Michael",647336,32.5,21.2,,36.5,9.8,,,,,
148,"Walker, Taijuan",592836,12.5,27.5,9.4,,,10.8,21.9,,17.8,
149,"Avila, Pedro",658648,39.2,12.3,,6.8,22.0,16.1,,,3.7,
150,"Tonkin, Michael",543859,37.8,17.1,,35.7,,,,,9.4,
151,"Weathers, Ryan",677960,39.7,12.1,,0.9,26.0,,,,21.3,
152,"Povich, Cade",700249,40.7,8.4,7.5,,10.9,19.6,,,13.0,
153,"Birdsong, Hayden",806185,44.6,,,18.4,18.4,18.7,,,,
154,"Weaver, Luke",596133,48.5,,22.6,,27.7,1.2,,,,
155,"Williams, Gavin",668909,51.5,,12.0,11.3,5.4,19.8,,,,
156,"Law, Derek",571882,13.6,9.8,37.9,30.0,5.1,3.6,,,,
157,"Megill, Tylor",656731,46.7,9.8,14.3,10.9,1.5,7.6,7.5,,1.6,
158,"Stripling, Ross",548389,30.3,14.2,15.9,13.4,17.6,8.6,,,,
159,"Liberatore, Matthew",669461,28.3,20.4,12.8,27.6,4.4,6.5,,,,
160,"Ashcraft, Graham",668933,,17.2,47.9,31.9,3.0,,,,,
161,"Vodnik, Victor",680767,63.3,,,20.1,16.6,,,,,
162,"Holton, Tyler",663947,15.2,21.6,27.3,,18.9,1.5,,,15.5,
163,"Buehler, Walker",621111,29.0,16.3,20.8,1.3,5.2,19.2,,,8.2,
164,"McKenzie, Triston",663474,52.4,,,21.0,,26.6,,,,
165,"Abreu, Bryan",650556,46.4,,,53.1,0.5,,,,,
166,"Cecconi, Slade",677944,54.9,,,24.0,12.2,8.9,,,,
167,"Shuster, Jared",694363,37.5,4.7,,28.4,29.4,,,,,
168,"Miller, Erik",669062,49.7,,,16.4,33.9,,,,,
169,"Darvish, Yu",506433,19.0,16.8,4.4,23.1,,13.7,9.0,,14.0,
170,"Akin, Keegan",669211,56.0,,,33.2,10.8,,,,,
171,"Winckowski, Josh",670174,5.1,33.6,35.2,13.3,12.8,,,,,
172,"Wentz, Joey",666214,36.5,,31.4,,19.1,13.0,,,,
173,"Buttó, José",676130,31.5,23.0,,12.9,22.1,,,,10.5,
174,"Walker, Ryan",676254,0.5,54.8,,44.8,,,,,,
175,"Harris, Hogan",663687,56.3,,,11.5,16.5,15.7,,,,
176,"Blackburn, Paul",621112,19.5,13.6,22.0,16.7,18.1,10.1,,,,
177,"Robertson, David",502085,,1.4,63.4,6.7,1.7,26.8,,,,
178,"Hjelle, Sean",663546,,55.0,10.6,,,34.4,,,,
179,"Baz, Shane",669358,47.9,,,21.3,10.3,20.5,,,,
180,"Leclerc, José",600917,34.8,7.1,15.7,32.2,10.2,,,,,
181,"Scott, Tayler",605463,48.5,5.7,,22.1,,,23.7,,,
182,"Ross, Joe",605452,16.0,36.6,,37.3,8.4,1.7,,,,
183,"Fernandez, Ryan",681676,40.3,1.3,10.3,48.2,,,,,,
184,"Beeks, Jalen",656222,55.6,,17.8,,25.5,1.0,,,,
185,"Kinley, Tyler",641755,33.6,0.2,,62.7,3.5,,,,,
186,"Ginkel, Kevin",656464,51.9,9.7,,38.4,,,,,,
187,"Richards, Trevor",670950,46.4,,,,53.6,,,,,
188,"Martinez, Justin",679885,11.4,45.2,,21.6,,,21.8,,,
189,"Bradford, Cody",674003,52.3,,0.7,7.0,27.3,12.8,,,,
190,"Banks, Tanner",621383,30.9,8.4,,32.9,12.9,14.9,,,,
191,"Puk, A.J.",640462,42.9,15.1,,21.6,1.4,,2.6,,16.5,
192,"Farmer, Buck",571656,19.9,24.3,,34.8,21.0,,,,,
193,"Hader, Josh",623352,,71.5,,27.4,1.0,,,,,
194,"Smith, Cade",671922,69.1,,,,,,20.7,,10.2,
195,"Scott, Tanner",656945,59.2,,,40.7,0.1,,,,,
196,"Vest, Will",676684,56.0,12.6,,21.6,9.8,,,,,
197,"Strickland, Hunter",519326,31.9,9.0,31.4,13.1,6.1,,,,8.5,
198,"Sands, Cole",663485,28.2,10.9,29.6,,,14.1,17.2,,,
199,"Brieske, Beau",689225,40.4,15.9,,17.3,26.5,,,,,
200,"Knack, Landon",689017,46.3,,,22.3,14.5,16.2,,,0.7,
201,"Kelly, Merrill",518876,19.6,14.6,25.2,11.8,20.9,7.8,,,,
202,"Kopech, Michael",656629,78.5,,10.5,11.0,,,,,,
203,"Thornton, Trent",663423,20.0,9.2,4.4,21.7,2.5,11.9,,,30.3,
204,"Cruz, Fernando",518585,32.5,,25.6,,,,41.9,,,
205,"Blach, Ty",621389,34.5,16.2,13.7,0.1,24.5,10.9,,,,
206,"Houser, Adrian",605288,16.8,44.5,,17.3,12.7,8.7,,,,
207,"Chapman, Aroldis",547973,34.2,27.2,,26.6,,,12.0,,,
208,"De Los Santos, Enyel",660853,49.4,,,42.9,7.6,,,,,
209,"Barnes, Jacob",606930,47.2,,49.1,3.7,,,,,,
210,"Doval, Camilo",666808,,14.2,34.8,51.1,,,,,,
211,"Vesia, Alex",681911,63.2,,,31.7,5.1,,,,,
212,"Armstrong, Shawn",542888,33.2,27.1,31.5,3.0,,,,,5.2,
213,"Adam, Jason",592094,37.4,,,20.6,25.8,,,,16.1,
214,"Santana, Dennis",642701,26.2,13.4,19.2,32.8,8.4,,,,,
215,"Festa, David",701581,40.2,,,31.8,28.0,,,,,
216,"Cronin, Declan",686539,7.2,40.6,,51.6,,,,,0.6,
217,"Bellozo, Valente",678368,37.4,,25.3,,14.4,12.5,,,10.3,
218,"Jiménez, Joe",641729,46.2,,,49.6,4.2,,,,,
219,"Kerkering, Orion",689147,29.2,15.2,,,,,,,55.7,
220,"Holmes, Clay",605280,0.2,56.3,,23.0,,,,,20.5,
221,"Luzardo, Jesús",666200,39.4,8.3,,29.2,22.9,0.2,,,,
222,"Rogers, Taylor",573124,,52.8,,,,,,,47.2,
223,"Lawrence, Justin",664875,,58.9,,,,,,,41.1,
224,"Maton, Phil",664208,,9.3,35.5,4.0,,28.8,,,22.4,
225,"Gaddis, Hunter",683769,38.3,,,44.8,16.8,,,,,
226,"Wesneski, Hayden",669713,36.5,11.2,8.8,,3.0,,,,40.6,
227,"Contreras, Roansy",672710,37.6,10.1,,25.0,10.5,9.4,,,7.4,
228,"Jax, Griffin",643377,29.9,9.8,,,16.7,6.2,,,37.5,
229,"Finnegan, Kyle",640448,67.6,,,5.6,,,26.8,,,
230,"Baumann, Mike",657508,40.5,0.3,,23.8,1.9,33.5,,,,
231,"Williams, Trevor",592866,36.4,12.1,,13.5,16.8,,,,21.1,
232,"Morejon, Adrian",670970,23.4,36.0,,30.4,,,7.6,,2.6,
233,"Domínguez, Seranthony",622554,40.4,18.4,,40.0,1.1,,,,,
234,"Pearson, Nate",663878,46.0,1.7,,40.7,,11.5,0.1,,,
235,"Cleavinger, Garrett",664076,24.8,9.5,26.3,22.0,,,,,17.4,
236,"Bido, Osvaldo",674370,39.3,10.0,14.3,21.1,15.3,,,,,
237,"Miller, Bobby",676272,37.9,13.6,,9.6,19.9,19.0,,,,
238,"Alvarado, José",621237,,59.4,40.3,,,0.3,,,,
239,"Matsui, Yuki",673513,41.1,,,26.9,,1.0,24.5,,6.6,
240,"Molina, Anthony",683627,48.3,,,22.4,22.4,6.9,,,,
241,"Chavez, Jesse",445926,,26.9,51.1,1.6,13.4,7.0,,,,
242,"Milner, Hoby",571948,21.4,32.0,,,13.7,,,,32.9,
243,"Lambert, Peter",663567,38.5,2.3,1.0,18.8,25.0,3.9,,,,10.5
244,"Kelly, Kevin",687330,2.2,61.5,8.4,,,,,,27.8,
245,"Cabrera, Génesis",650893,18.4,22.5,39.3,,7.7,12.0,,,,
246,"Weissert, Greg",669711,22.8,33.4,,5.7,8.8,,,,29.2,
247,"Mears, Nick",683232,60.2,,,22.6,,17.2,,,,
248,"Kittredge, Andrew",552640,12.5,37.5,0.6,49.4,,,,,,
249,"Yates, Kirby",489446,60.7,,,0.6,,,38.7,,,
250,"Holmes, Grant",656550,37.3,,8.2,31.8,1.2,21.5,,,,
251,"Miller, Mason",695243,63.1,,,35.0,1.7,,0.3,,,
252,"Bednar, David",670280,55.5,,,,,20.4,24.0,,,
253,"Suter, Brent",608718,42.9,21.0,,16.3,19.8,,,,,
254,"Barlow, Scott",605130,20.5,13.4,,45.1,,21.0,,,,
255,"Floro, Dylan",571670,15.8,47.7,,26.9,9.5,,,,,
256,"Koenig, Jared",657649,0.6,57.2,25.2,,3.9,13.1,,,,
257,"Smyly, Drew",592767,,48.0,3.3,,,48.6,,,,
258,"Anderson, Chase",502624,14.9,1.7,33.9,,30.4,4.0,,,15.2,
259,"Leiter Jr., Mark",643410,,30.0,7.6,,0.2,16.9,36.1,,9.2,
260,"Hancock, Emerson",676106,32.6,29.8,,16.5,21.1,,,,,
261,"Herrin, Tim",682120,24.5,12.6,,27.6,,35.3,,,,
262,"Cano, Yennier",666974,11.0,51.5,,13.0,24.5,,,,,
263,"Neris, Héctor",593576,46.3,9.8,,3.5,,,40.4,,,
264,"Faedo, Alex",656412,35.2,5.4,,39.6,19.9,,,,,
265,"Jarvis, Bryce",686826,34.4,14.9,12.7,23.7,13.6,0.7,,,,
266,"Sandlin, Nick",680704,29.5,9.2,,34.8,,,26.5,,,
267,"Ottavino, Adam",493603,9.9,33.9,10.7,2.3,5.0,,,,38.3,
268,"Estrada, Jeremiah",669093,56.5,,,23.6,,,19.8,,,
269,"Rogers, Tyler",643511,0.8,63.7,,35.5,,,,,,
270,"Hoffman, Jeff",656546,39.1,8.2,,40.8,,,12.0,,,
271,"Hudson, Daniel",543339,49.5,5.8,,40.9,3.7,,,,,
272,"Stratton, Chris",608717,38.2,8.8,,20.6,10.0,22.1,,,0.3,
273,"Brebbia, John",605154,47.9,,,51.8,0.3,,,,,
274,"Faucher, Calvin",676534,,33.2,38.1,,,21.8,,,6.9,
275,"Suarez, José",660761,39.9,8.8,1.5,12.7,24.7,0.1,,,12.3,
276,"Clase, Emmanuel",661403,1.2,0.4,77.8,20.5,,,,,,
277,"Hill, Tim",657612,26.1,68.7,,5.2,,,,,,
278,"Strahm, Matt",621381,54.1,14.6,11.8,19.5,,,,,,
279,"Garrett, Reed",657585,16.5,12.8,23.7,,,,27.1,,19.9,
280,"Kuhl, Chad",641771,9.1,23.2,9.3,35.6,12.6,,,,10.3,
281,"Thompson, Ryan",657044,10.2,64.1,,25.7,,,,,,
282,"Stanek, Ryne",592773,60.0,2.0,,16.6,,,21.4,,,
283,"Díaz, Alexis",664747,57.9,,,42.1,,,,,,
284,"Suarez, Robert",663158,71.4,15.6,0.4,,12.6,,,,,
285,"Bummer, Aaron",607481,10.0,39.8,5.0,,1.1,2.3,,,41.8,
286,"Voth, Austin",608723,23.7,,33.8,,,18.9,,,23.6,
287,"Pressly, Ryan",519151,33.3,1.8,,28.9,11.1,24.9,,,,
288,"Meyer, Max",676974,39.4,2.1,,40.7,17.9,,,,,
289,"Chafin, Andrew",605177,16.6,37.5,,45.8,,,,,,
290,"Boyle, Joe",671212,59.0,,,34.3,,3.7,,,3.0,
291,"Kimbrel, Craig",518886,65.7,,,,0.5,28.9,,,4.9,
292,"Soto, Gregory",642397,12.2,45.6,0.7,33.5,,,,,7.9,
293,"Kelly, Zack",677161,29.9,,21.9,,20.9,,,,27.2,
294,"Bender, Anthony",669622,4.1,45.2,,,3.9,,,,46.9,
295,"Muñoz, Andrés",662253,32.2,20.7,,47.1,,,,,,
296,"Zerpa, Angel",672582,20.1,43.3,,26.0,10.3,0.3,,,,
297,"Nicolas, Kyle",693312,55.1,,,22.4,,22.5,,,,
298,"Erceg, Lucas",668674,30.9,21.3,,27.9,19.9,,,,,
299,"Garcia, Robert",676395,52.9,,,16.0,31.2,,,,,
300,"Anderson, Justin",605121,32.6,14.5,7.6,45.3,,,,,,
301,"Junis, Jakob",596001,10.0,36.2,0.2,45.3,8.4,,,,,
302,"Ferguson, Caleb",657571,43.3,9.8,26.5,,,,,,0.2,20.2
303,"Rainey, Tanner",663432,70.9,,,27.7,1.4,,,,,
304,"Miller, Tyson",668338,47.3,3.4,,,2.2,3.2,,,43.8,
305,"Webb, Jacob",657097,44.3,,,,27.7,,,,28.1,
306,"Alcala, Jorge",660896,44.3,7.5,,38.7,9.6,,,,,
307,"Helsley, Ryan",664854,45.4,,,48.3,,6.2,,,,
308,"Iglesias, Raisel",628452,28.4,20.2,,20.7,30.7,,,,,
309,"Hudson, Bryan",663542,52.1,,24.6,,,,,,23.3,
310,"Romero, JoJo",668941,9.9,39.1,,33.9,17.1,,,,,
311,"Phillips, Evan",623465,36.5,10.1,14.7,,,,,,38.6,
312,"Jackson, Luke",592426,31.7,,0.9,51.9,,15.5,,,,
313,"Johnson, Pierce",572955,24.1,,4.3,,,71.6,,,,
314,"Turnbull, Spencer",605513,34.8,12.3,,5.3,5.3,9.0,,,33.2,
315,"Díaz, Edwin",621242,52.1,,,47.9,,,,,,
316,"Nardi, Andrew",677053,60.8,,,38.4,0.8,,,,,
317,"Harvey, Hunter",640451,62.9,,,4.6,,9.3,23.2,,,
318,"Roupp, Landen",694738,1.8,40.5,,4.2,9.4,44.2,,,,
319,"Foley, Jason",671345,8.2,54.7,,31.5,5.6,,,,,
320,"McArthur, James",663704,9.0,35.8,,21.6,,33.7,,,,
321,"Varland, Louie",686973,42.5,3.8,27.7,,10.4,15.5,,,,
322,"Brazobán, Huascar",623211,21.8,24.6,24.9,,28.7,,,,,
323,"Payamps, Joel",606303,32.9,19.1,,40.3,7.7,,,,,
324,"García, Luis",472610,6.0,52.5,1.7,12.4,,,18.6,,8.8,
325,"Smith, Burch",572143,50.0,0.2,21.4,,0.8,18.3,,,9.3,
326,"Schreiber, John",670167,24.5,25.9,16.5,,6.1,,,,26.9,
327,"Martin, Davis",663436,28.5,,17.5,26.8,19.6,7.6,,,,
328,"Thielbar, Caleb",573204,43.4,,,0.7,,24.8,,,31.1,
329,"Sims, Lucas",608371,31.4,,15.5,2.7,,7.1,0.2,,43.1,
330,"Duran, Jhoan",661395,40.7,,,,,27.8,31.4,,,
331,"Rodríguez, Randy",678495,47.3,7.3,,39.8,5.6,,,,,
332,"Holderman, Colin",670059,0.7,26.0,25.7,,,,,,47.6,
333,"Mantiply, Joe",573009,4.4,42.7,,,26.4,26.5,,,,
334,"Mlodzinski, Carmen",669387,39.8,,20.0,27.9,0.3,,,,11.9,
335,"Rodriguez, Eduardo",593958,44.0,7.6,19.3,6.6,22.5,,,,,
336,"Elder, Bryce",693821,12.7,42.6,,31.5,13.2,,,,,
337,"Pérez, Cionel",672335,24.2,38.3,,37.5,,,,,,
338,"Bernardino, Brennan",657514,,46.6,11.2,7.1,,35.1,,,,
339,"Lee, Dylan",669276,33.2,,,54.7,12.1,,,,,
340,"Kochanowicz, Jack",686799,6.2,72.4,,,3.0,18.4,,,,
341,"King, John",667463,1.5,58.8,,12.0,27.7,,,,,
342,"Moore, Matt",519043,50.0,,0.7,,31.7,17.6,,,,
343,"Wicks, Jordan",696136,44.8,13.1,1.4,8.7,25.8,6.1,,,,
344,"Miller, Shelby",571946,60.6,,0.2,20.4,,,18.8,,,
345,"Brown, Ben",676962,62.7,,,,1.6,35.7,,,,
346,"Winn, Keaton",676775,26.3,19.2,,13.9,,,40.5,,,
347,"Green, Chad",643338,60.0,,0.7,39.3,,,,,,
348,"Dubin, Shawn",681869,43.9,,15.8,,15.1,15.8,,,9.3,
349,"Martinez, Seth",661527,32.6,21.0,,,14.6,,,,31.9,
350,"McFarland, T.J.",519008,0.6,48.6,0.1,,12.3,,,,38.4,
351,"Ruiz, José",614179,27.8,23.8,,4.0,3.2,41.2,,,,
352,"Peguero, Elvis",665625,,49.3,,50.5,,0.1,,,,
353,"Grove, Michael",675627,1.8,22.1,16.0,53.1,,7.0,,,,
354,"Estévez, Carlos",608032,61.1,,,28.1,10.4,0.4,,,,
355,"Ferguson, Tyler",621053,38.6,21.9,12.6,,2.4,,,,24.5,
356,"Wilson, Justin",458677,49.5,,24.0,25.4,,,1.1,,,
357,"Latz, Jacob",656641,49.4,,,22.9,22.6,5.0,,,,
358,"Priester, Quinn",682990,14.4,30.2,,27.9,12.9,14.5,,,,
359,"Slaten, Justin",686580,29.2,,37.7,,,8.4,,,24.7,
360,"Adams, Austin",613534,23.9,2.4,,73.8,,,,,,
361,"López, Jorge",605347,20.0,36.2,,18.8,11.8,13.2,,,,
362,"Jansen, Kenley",445276,,7.4,84.9,7.7,,,,,,
363,"Kolek, Stephen",663568,13.2,40.5,19.3,9.7,6.9,,,,10.4,
364,"Scott, Christian",681035,52.9,,,17.9,,,10.4,,18.8,
365,"Hoeing, Bryan",663773,6.0,50.5,,22.9,,,20.6,,,
366,"Hall, DL",669084,45.3,,,14.3,20.5,19.9,,,,
367,"Banda, Anthony",607455,35.1,24.2,0.1,28.2,12.4,,,,,
368,"Bivens, Spencer",702352,6.1,46.6,9.9,,13.5,,,,23.8,
369,"Ramírez, Yohan",670990,16.8,40.2,,,,14.1,,,28.9,
370,"Hernández, Jonathan",642546,,38.9,,49.3,11.8,,,,,
371,"Wood, Alex",622072,,46.2,,31.5,22.4,,,,,
372,"Matz, Steven",571927,,59.8,,6.9,25.7,7.6,,,,
373,"Kahnle, Tommy",592454,19.3,2.0,,5.6,73.1,,,,,
374,"Keller, Brad",641745,37.7,5.0,,36.5,13.1,1.5,,,6.3,
375,"Pop, Zach",647315,,73.1,12.4,14.5,,,,,,
376,"Treinen, Blake",595014,11.1,34.2,16.1,,,,,,38.5,
377,"Vieira, Thyago",600986,22.7,40.4,,36.1,0.8,,,,,
378,"Nastrini, Nick",680897,45.4,,,36.2,9.8,8.6,,,,
379,"Weems, Jordan",607179,61.5,,,34.9,,0.8,2.7,,,
380,"Mayza, Tim",641835,0.8,71.8,,27.4,,,,,,
381,"Muller, Kyle",666205,53.4,,,24.7,7.9,14.1,,,,
382,"Thorpe, Drew",689672,32.2,,13.9,15.3,35.5,,,,3.2,
383,"Medina, Luis",665622,42.5,14.3,,25.1,7.9,10.1,,,,
384,"Matthews, Zebby",805673,42.8,,16.2,25.9,7.9,7.1,,,,
385,"McCaughan, Darren",670766,19.5,31.5,,,11.1,,,,38.0,
386,"Cantillo, Joey",676282,48.8,,,8.4,27.6,15.2,,,,
387,"Oller, Adam",670124,51.4,,,0.8,7.0,14.9,,,,25.8
388,"Henry, Tommy",674072,32.3,19.0,,7.2,17.7,23.8,,,,
389,"Long, Sam",669674,38.5,,,30.8,,22.2,8.5,,,
390,"Young, Danny",664849,,47.2,0.6,,,,,,52.2,
391,"Little, Brendon",663893,,57.0,11.2,,,31.8,,,,
392,"Fairbanks, Pete",664126,52.2,,,44.8,3.0,,,,,
393,"Leahy, Kyle",681517,44.3,,,25.5,9.2,6.3,,,14.7,
394,"Booser, Cam",592155,41.0,,35.4,,,,,,23.6,
395,"Bird, Jake",656234,0.7,44.4,7.2,29.7,0.3,17.7,,,,
396,"Montero, Rafael",606160,45.8,23.4,,7.5,23.3,,,,,
397,"Snider, Collin",676092,41.1,5.0,16.3,,,,,,37.6,
398,"Bradish, Kyle",680694,13.1,39.9,,29.8,,17.2,,,,
399,"Smith, Will",519293,29.0,,,44.7,14.6,11.7,,,,
400,"Uceta, Edwin",670955,40.2,,21.3,,34.1,0.6,,,3.9,
401,"Scherzer, Max",453286,43.9,,6.1,22.1,13.9,13.9,,,,
402,"Leiter, Jack",683004,51.9,,1.8,29.1,5.8,11.4,,,,
403,"Boyd, Matthew",571510,38.3,10.2,,17.3,26.2,8.1,,,,
404,"Megill, Trevor",656730,71.3,0.3,,,,28.4,,,,
405,"Swanson, Erik",657024,49.8,,,19.2,,,30.9,,,
406,"Black, Mason",696131,32.1,28.5,,11.8,2.3,,,,25.3,
407,"Martin, Chris",455119,31.1,9.4,45.5,,,,13.1,,0.9,
408,"Funderburk, Kody",681892,,20.1,43.7,32.5,3.7,,,,,
409,"Morgan, Eli",669212,40.2,,,36.1,23.7,,,,,
410,"Hurter, Brant",676428,7.1,50.4,,,11.8,,,,30.7,
411,"Tinoco, Jesus",622786,12.7,31.1,0.2,52.3,3.7,,,,,
412,"Cousins, Jake",664776,0.9,33.4,,65.7,,,,,,
413,"Hodge, Porter",687863,61.2,,,,,,1.2,,37.5,
414,"Curry, Xzavion",675540,49.5,,,34.4,1.4,13.9,0.8,,,
415,"Lynch IV, Daniel",663738,35.7,9.8,0.5,26.9,21.2,5.9,,,,
416,"Sewald, Paul",623149,59.8,,,,0.6,,,,39.6,
417,"Diekman, Jake",518617,61.2,0.2,,,9.7,,,,28.9,
418,"Brito, Jhony",666745,26.4,24.9,,9.1,34.5,2.2,,,2.9,
419,"Saucedo, Tayler",642048,3.8,45.4,,14.4,23.5,2.7,,,10.2,
420,"Moll, Sam",594580,38.0,28.5,,,9.0,,,,24.5,
421,"Wilson, Steven",621051,39.8,,1.0,,8.0,,,,51.2,
422,"Sánchez, Sixto",664350,29.8,4.8,34.0,,31.4,,,,,
423,"García, Yimi",554340,36.7,16.5,,4.5,9.5,19.7,,,13.1,
424,"Hamilton, Ian",641656,22.5,23.3,,54.3,,,,,,
425,"Woodford, Jake",663765,3.2,44.5,19.1,,5.0,,,,28.2,
426,"Okert, Steven",595345,23.7,9.1,,59.3,8.0,,,,,
427,"Peralta, Wandy",593974,9.1,39.0,,10.1,41.8,,,,,
428,"Gordon, Tanner",685299,48.8,1.0,,26.7,19.1,4.4,,,,
429,"Rodríguez, Manuel",655889,22.5,30.9,,46.0,,,,,0.7,
430,"Otañez, Michel",671305,41.1,17.8,,41.1,,,,,,
431,"Roycroft, Chris",688297,32.4,46.6,,21.0,,,,,,
432,"Honeywell, Brent",641703,51.1,1.0,,21.8,0.3,,,,1.8,
433,"Pagán, Emilio",641941,57.8,,27.2,,,,15.0,,,
434,"Wrobleski, Justin",680736,59.1,4.4,13.0,8.3,3.2,12.0,,,,
435,"Tate, Dillon",622253,,54.1,,,12.5,,,,33.4,
436,"Garrett, Braxton",666129,14.1,33.3,9.2,26.5,12.4,4.4,,,,
437,"Stratton, Hunter",676702,36.8,1.2,37.0,25.0,,,,,,
438,"Mazur, Adam",800049,39.2,4.1,,33.7,10.3,12.7,,,,
439,"Tyler, Kyle",667725,14.5,,44.8,11.2,1.0,28.4,,,,
440,"Phillips, Tyler",663969,18.7,31.1,,,6.6,14.4,,,29.2,
441,"McGough, Scott",543518,50.1,4.0,,13.9,,,32.1,,,
442,"Burke, Brock",656271,52.5,4.7,,25.9,16.9,,,,,
443,"Anderson, Nick",623433,22.5,26.0,,,5.9,45.5,,,,
444,"Javier, Cristian",664299,39.3,,,29.5,26.8,4.4,,,,
445,"Burr, Ryan",621114,39.5,,,60.5,,,,,,
446,"Ray, Robbie",592662,53.0,,,32.0,,15.0,,,,
447,"Alexander, Scott",518397,,64.5,,22.6,12.9,,,,,
448,"Springs, Jeffrey",605488,42.3,0.2,2.3,20.4,31.7,,,,3.2,
449,"Leasure, Jordan",673929,59.8,,,28.7,,11.4,,,,
450,"Hernández, Carlos",672578,54.1,,,20.2,,14.3,11.4,,,
451,"Kelly, Joe",523260,24.6,29.0,,21.7,6.9,17.8,,,,
452,"Blalock, Bradley",687134,47.4,,4.0,22.1,,10.5,16.0,,,
453,"Gonzales, Marco",594835,31.5,9.2,23.8,,25.5,10.1,,,,
454,"Poche, Colin",621363,68.1,,,31.9,,,,,,
455,"Joyce, Ben",690829,45.7,35.3,,15.2,3.9,,,,,
456,"Thompson, Keegan",624522,36.1,1.7,30.5,,2.2,15.4,,,14.1,
457,"Howard, Spencer",675921,51.0,,,25.1,16.9,6.9,,,,
458,"Devenski, Chris",606965,31.0,,13.9,,47.5,,,,7.7,
459,"Fleming, Josh",676596,0.4,37.8,25.6,,30.1,6.2,,,,
460,"Aguiar, Julian",687924,,54.0,,17.9,18.9,9.2,,,,
461,"Chargois, JT",608638,1.3,55.2,,43.1,0.4,,,,,
462,"Lovelady, Richard",663992,19.7,34.3,,46.0,,,,,,
463,"Minter, A.J.",621345,47.7,,34.5,,17.8,,,,,
464,"Núñez, Dedniel",673380,47.6,2.5,,48.9,0.8,0.2,,,,
465,"Soriano, George",666277,43.0,,,39.5,17.5,,,,,
466,"Ginn, J.T.",669372,3.5,51.1,,30.9,14.6,,,,,
467,"Chirinos, Yonny",630023,16.5,29.7,,39.0,,,14.8,,,
468,"Chivilli, Angel",683409,,41.6,,18.4,40.0,,,,,
469,"Bielak, Brandon",656232,22.9,24.1,,15.1,27.8,10.0,,,,
470,"Daniel, Davis",669721,48.0,,,23.8,20.5,7.7,,,,
471,"Santillan, Tony",663574,60.3,,,38.7,1.0,,,,,
472,"Kershaw, Clayton",477132,35.1,0.6,,43.7,0.4,16.1,4.2,,,
473,"Lowder, Rhett",695076,27.3,25.9,,27.3,19.5,,,,,
474,"Bowman, Matt",621199,0.6,38.8,19.7,,,,15.1,,25.8,
475,"Salazar, Eduardo",674285,6.9,49.8,,42.7,0.4,0.2,,,,
476,"Garabito, Gerson",642520,39.2,10.4,,4.9,11.6,33.9,,,,
477,"Toussaint, Touki",657053,11.6,25.1,,0.2,,26.1,37.1,,,
478,"Ashby, Aaron",676879,1.4,45.5,,13.6,20.2,19.2,,,,
479,"Anderson, Grant",681982,27.5,24.0,,41.0,7.5,,,,,
480,"Marte, Yunior",628708,16.0,35.3,0.8,41.7,,,6.2,,,
481,"Ferrer, Jose A.",678606,16.6,58.8,,5.5,19.1,,,,,
482,"Roberts, Ethan",681799,,8.6,32.1,,,,,,59.3,
483,"Allen, Logan",663531,18.7,16.4,22.1,,,1.3,20.6,,20.9,
484,"Kelly, Michael",547184,31.9,0.9,,13.2,,,,,54.0,
485,"Diaz, Yilber",700270,58.0,,,27.3,0.4,14.3,,,,
486,"Bubic, Kris",663460,44.3,2.8,0.4,36.0,16.5,,,,,
487,"Coulombe, Danny",543056,15.5,13.5,30.0,,,12.4,,,28.5,
488,"France, J.P.",641585,29.4,1.7,23.8,,22.7,19.3,,,3.0,
489,"Rasmussen, Drew",656876,37.7,29.2,27.7,,,,,,5.4,
490,"Warren, Will",701542,30.6,26.4,4.4,,12.2,,,,26.4,
491,"Varland, Gus",681402,53.4,3.3,,38.2,5.1,,,,,
492,"Jackson, Jay",543351,26.0,5.1,,55.6,13.2,,,,,
493,"Jiménez, Dany",666204,37.6,,,58.4,4.0,,,,,
494,"Hanifee, Brenan",669724,14.1,54.0,,22.4,9.4,,,,,
495,"Bazardo, Eduard",660825,27.0,19.3,,46.7,,,7.0,,,
496,"Little, Luke",681432,72.4,,,,,,1.4,,26.3,
497,"Rodríguez, Yerry",666720,58.0,,,30.8,11.2,,,,,
498,"Manning, Matt",666159,48.2,,,4.1,,9.8,4.1,,33.8,
499,"Crouse, Hans",668968,0.5,49.4,,38.9,11.2,,,,,
500,"Allard, Kolby",663465,40.1,6.0,17.4,,24.3,12.2,,,,
501,"Ellard, Fraser",686642,55.6,8.3,8.8,23.4,3.9,,,,,
502,"Speier, Gabe",642100,34.8,33.2,,29.4,1.4,,,,1.2,
503,"Staumont, Josh",622251,10.0,27.1,,61.4,,1.4,,,,
504,"Cimber, Adam",643256,31.5,35.8,,32.7,,,,,,
505,"King, Bryan",687911,52.4,5.5,,34.6,,7.5,,,,
506,"White, Mitch",669952,38.7,13.8,,11.4,,13.6,,,22.5,
507,"Brooks, Aaron",605156,28.0,24.3,,32.5,13.4,1.7,,,,
508,"Rosenberg, Kenny",670046,48.6,,13.6,,32.8,5.0,,,,
509,"Madden, Ty",680744,42.7,4.7,15.4,18.1,,4.0,15.1,,,
510,"Gallegos, Giovanny",606149,44.1,,,49.1,6.7,,,,,
511,"Gasser, Robert",688107,19.8,24.6,9.3,,14.3,,,,32.1,
512,"Marinaccio, Ron",676760,51.1,,,,33.9,,,,14.9,
513,"Manoah, Alek",666201,27.7,27.2,,30.5,14.7,,,,,
514,"Brewer, Colten",605155,40.4,2.0,1.8,26.9,,28.9,,,,
515,"Williams, Devin",642207,53.5,,1.5,,45.0,,,,,
516,"González, Victor",624647,,47.9,,28.5,23.6,,,,,
517,"Festa, Matt",670036,40.0,,26.5,,0.3,,,,33.2,
518,"Reid-Foley, Sean",656887,67.3,0.5,,12.5,19.7,,,,,
519,"Poteet, Cody",547001,28.4,24.7,,,19.8,9.9,,,17.2,
520,"Kerr, Ray",678061,44.6,,3.9,,,47.0,4.4,,,
521,"Quijada, José",650671,94.5,,,1.3,4.2,,,,,
522,"Lange, Alex",656638,13.5,21.5,,,7.2,57.8,,,,
523,"Brasier, Ryan",518489,29.4,16.3,12.0,42.2,,,,,,
524,"Sammons, Bryan",676614,39.3,,25.4,,8.3,7.8,,,19.3,
525,"Germán, Domingo",593334,39.9,4.3,,,22.5,33.2,,,,
526,"Ramirez, Emmanuel",642629,53.4,,,9.7,,,36.9,,,
527,"Baker, Bryan",641329,48.8,,,28.2,13.8,9.2,,,,
528,"Ort, Kaleb",672391,55.5,,18.9,,7.9,,,,17.8,
529,"Davis, Noah",663562,1.1,46.0,20.5,,3.3,3.3,,,21.4,
530,"Englert, Mason",669438,26.8,10.4,13.7,16.4,29.0,3.6,,,,
531,"Petersen, Michael",656848,65.6,,31.1,0.6,2.8,,,,,
532,"Leone, Dominic",608678,26.6,8.3,15.0,19.4,26.0,,,,4.7,
533,"Criswell, Jeff",676105,40.4,2.5,,40.1,14.4,2.5,,,,
534,"Hentges, Sam",656529,30.8,16.0,,21.4,,31.9,,,,
535,"Basso, Brady",669620,46.9,2.3,18.0,,12.3,20.6,,,,
536,"Hughes, Brandon",676714,37.1,22.6,,40.3,,,,,,
537,"Berroa, Prelander",672860,40.5,2.9,,56.6,,,,,,
538,"Walston, Blake",686796,32.7,3.8,17.8,,16.3,13.1,,,16.3,
539,"Ryan, Ryder",656924,14.1,41.8,,43.8,0.3,,,,,
540,"Hernández, Daysbel",678226,40.9,4.8,,54.2,,,,,,
541,"Pennington, Walter",679156,2.4,29.7,27.0,40.9,,,,,,
542,"Alzolay, Adbert",640470,20.4,23.7,7.6,47.4,0.6,,,,0.3,
543,"Bush, Ky",681066,50.9,,,24.4,9.8,14.9,,,,
544,"Taylor, Troy",700187,57.3,,,,1.5,,,,41.2,
545,"Smith, Drew",622098,43.6,2.7,26.8,14.0,5.2,7.6,,,,
546,"Sauer, Matt",669422,45.3,8.9,,23.2,,16.2,6.4,,,
547,"Cosgrove, Tom",676680,22.9,26.0,,,,,,,51.1,
548,"Nance, Tommy",667297,0.3,36.3,,25.8,,37.6,,,,
549,"Whitlock, Garrett",676477,,22.7,19.3,15.3,28.3,,,,14.3,
550,"Means, John",607644,37.5,,,23.1,28.4,10.9,,,,
551,"Blewett, Scott",656240,40.4,,,37.6,,,21.9,,,
552,"Paredes, Enoli",660600,40.4,21.9,,37.6,,,,,,
553,"Cuas, Jose",621016,33.5,39.8,,,3.4,,,,23.2,
554,"Thompson, Zack",668868,36.0,,,27.8,,14.2,,,,
555,"Fitts, Richard",690916,44.6,,,31.2,,,10.8,,13.4,
556,"Cisnero, José",542585,31.9,25.2,0.6,29.1,13.1,,,,,
557,"Bolton, Cody",675989,3.8,27.6,31.4,,12.5,,,,24.7,
558,"McGreevy, Michael",700241,19.6,35.0,10.9,19.0,9.3,6.1,,,,
559,"Marte, José",665896,24.1,28.3,,38.6,9.0,,,,,
560,"Burke, Sean",680732,40.5,,,28.5,6.1,24.9,,,,
561,"Keuchel, Dallas",572971,,56.8,14.6,1.0,27.6,,,,,
562,"Horn, Bailey",690544,23.8,,9.9,,,6.3,,,60.1,
563,"Clevinger, Mike",605182,39.9,5.6,11.6,19.1,21.1,2.6,,,,
564,"Henriquez, Ronny",678692,29.4,3.3,,33.3,34.0,,,,,
565,"Emanuel, Kent",592288,,58.3,,0.3,12.9,,,,28.5,
566,"Ramírez, Erasmo",541640,4.3,39.4,39.7,,6.6,9.9,,,,
567,"Bigge, Hunter",685801,59.0,,,29.7,,7.0,,,4.3,
568,"Maldonado, Anthony",687424,,34.3,3.7,62.0,,,,,,
569,"Ryan, River",689981,40.0,10.2,3.1,22.7,8.5,15.6,,,,
570,"Sulser, Cole",642121,49.0,,17.1,8.2,25.7,,,,,
571,"Holman, Grant",680880,53.1,,,13.4,33.6,,,,,
572,"Winn, Cole",668390,42.3,7.3,,26.6,,2.8,21.0,,,
573,"Zulueta, Yosver",691172,4.9,60.8,,23.4,1.7,,,,9.1,
574,"Sborz, Josh",622250,45.8,,,31.3,,22.9,,,,
575,"García, Deivi",665620,55.8,,,,12.4,15.9,,,15.9,
576,"Peralta, Sammy",671111,46.5,,,5.7,22.7,,,,25.2,
577,"Jefferies, Daulton",641726,8.5,37.4,14.6,24.6,14.9,,,,,
578,"Merryweather, Julian",657240,43.8,,,43.0,12.1,,,,1.1,
579,"Zuñiga, Guillo",670871,32.5,34.7,,21.8,11.1,,,,,
580,"La Sorsa, Joe",686747,2.2,56.1,,20.7,21.0,,,,,
581,"Stewart, Brock",592779,45.1,10.8,17.9,,1.1,,,,25.0,
582,"Young, Alex",622065,0.7,38.2,,0.4,46.4,14.2,,,,
583,"Almonte, Yency",622075,11.2,37.5,13.1,,2.6,,,,35.6,
584,"Beede, Tyler",595881,29.4,7.5,,,,23.4,39.6,,,
585,"Palencia, Daniel",694037,56.7,8.0,,24.3,,1.1,9.9,,,
586,"Mercado, Michael",675650,47.3,,25.4,,5.0,22.3,,,,
587,"Wells, Tyler",669330,34.4,,17.8,10.4,18.9,18.5,,,,
588,"Uribe, Abner",682842,0.8,64.7,,34.5,,,,,,
589,"Vines, Darius",670241,37.7,,12.5,13.2,31.1,5.4,,,,
590,"Williamson, Brandon",682227,25.0,,45.7,,21.9,7.0,,,0.4,
591,"Heller, Ben",621294,13.3,23.5,20.4,16.9,21.6,,,,4.3,
592,"Hernández, Elieser",622694,43.4,6.8,28.3,3.2,18.3,,,,,
593,"Rodríguez, Joely",570257,,49.0,,,36.1,,,,14.9,
594,"Lucas, Easton",687922,53.7,0.4,21.1,19.1,5.7,,,,,
595,"Anderson, Shaun",641312,30.3,13.1,,37.3,11.5,,,,7.8,
596,"Guenther, Sean",674944,3.3,37.9,,27.6,,,31.3,,,
597,"Veneziano, Anthony",685107,47.1,,,23.6,6.2,,,,23.1,
598,"Cobb, Alex",502171,,43.0,,,,13.2,43.8,,,
599,"Beck, Tristan",663941,50.4,,,14.5,,19.8,,,15.3,
600,"Bloss, Jake",814005,43.7,1.7,,23.1,8.0,13.0,,,10.5,
601,"Barnes, Matt",598264,39.2,,,,,43.5,17.3,,,
602,"Rodriguez, Carlos",692230,18.5,21.5,18.0,15.5,15.9,10.7,,,,
603,"Jacob, Alek",689690,21.1,34.1,,,30.6,,,,14.2,
604,"Castro, Miguel",612434,,45.7,,38.8,15.5,,,,,
605,"Frías, Luis",666818,28.4,9.6,46.3,15.7,,,,,,
606,"Mahle, Tyler",641816,52.8,,3.5,13.5,,,30.1,,,
607,"Avila, Nick",687014,34.7,12.9,31.1,4.0,,17.3,,,,
608,"Reynolds, Sean",669308,48.9,,,43.6,5.3,,,,2.2,
609,"Aldegheri, Sam",691951,56.8,,,13.5,21.2,8.6,,,,
610,"Waguespack, Jacob",621097,38.9,,35.3,,11.8,14.0,,,,
611,"Pinto, Ricardo",620982,7.7,44.5,,10.9,,,30.0,,6.8,
612,"Miller, Ryan",668943,,42.5,,40.6,,,,,16.9,
613,"Senzatela, Antonio",622608,58.3,0.5,,22.5,11.9,6.9,,,,
614,"Rocker, Kumar",677958,42.2,17.0,,38.5,1.4,0.9,,,,
615,"Robertson, Nick",687798,44.7,,1.4,16.6,23.0,,,,14.3,
616,"Romano, Jordan",605447,47.9,,,52.1,,,,,,
617,"Walker, Josh",677020,34.0,27.9,,,,38.1,,,,
618,"Lazar, Max",676661,61.2,,16.8,0.5,,21.5,,,,
619,"Gómez, Yoendrys",672782,36.0,,,12.1,7.9,10.3,,,33.6,
620,"Burdi, Nick",595897,59.5,0.5,,39.0,1.0,,,,,
621,"Zeferjahn, Ryan",666171,35.6,,47.6,,,0.5,,,16.3,
622,"Plesac, Zach",668676,44.2,,,26.9,23.6,5.3,,,,
623,"Dana, Caden",702674,52.4,,4.4,26.7,9.2,7.3,,,,
624,"Teng, Kai-Wei",678906,5.9,44.1,,10.8,3.4,18.6,,,17.2,
625,"Sabrowski, Erik",681870,57.6,,,16.7,,25.8,,,,
626,"Snead, Kirby",669912,21.9,38.8,,21.4,17.9,,,,,
627,"de Geus, Brett",676969,0.5,45.4,21.1,,,28.4,4.6,,,
628,"Mushinski, Parker",656786,18.6,9.3,41.2,,,21.6,,,9.3,
629,"O'Brien, Riley",676617,2.1,45.9,,25.8,,24.7,,,1.5,
630,"Ramirez, Nick",598286,1.0,48.5,,,27.3,,,,23.2,
631,"Strzelecki, Peter",657265,42.2,7.3,13.0,17.7,19.8,,,,,
632,"Herget, Jimmy",623474,17.5,25.9,,10.1,6.3,40.2,,,,
633,"Duffey, Tyler",608648,28.0,16.4,,17.5,7.9,30.2,,,,
634,"Castellanos, Humberto",528748,14.5,31.7,26.9,,12.4,14.5,,,,
635,"Newcomb, Sean",656794,47.3,12.0,,,3.8,16.3,,,,20.7
636,"Dobnak, Randy",677976,12.0,22.4,,31.1,34.4,,,,,
637,"Peralta, Luis",678821,75.7,,,,0.6,23.8,,,,
638,"McMillon, John",669111,38.9,,0.6,60.6,,,,,,
639,"Lucchesi, Joey",664192,,45.3,26.8,,0.6,27.4,,,,
640,"Matzek, Tyler",554431,67.0,,0.6,32.4,,,,,,
641,"Wingenter, Trey",622259,49.7,,,45.3,,,5.0,,,
642,"Feyereisen, J.P.",656420,47.5,,,24.0,28.5,,,,,
643,"Lopez, Jacob",682052,42.1,,12.9,37.6,7.3,,,,,
644,"Adon, Joan",672851,37.1,21.3,,10.7,19.1,11.8,,,,
645,"Strider, Spencer",675911,51.1,,,32.0,4.5,12.4,,,,
646,"Nittoli, Vinny",657697,,1.7,57.9,,2.2,8.4,,,29.8,
647,"Halvorsen, Seth",678020,37.3,18.6,,15.8,,,28.2,,,
648,"Castillo, Diego",650895,11.9,23.2,,62.7,2.3,,,,,
649,"O'Loughlin, Jack",672552,50.6,1.7,,22.2,9.7,15.9,,,,
650,"Gray, Josiah",680686,22.2,9.7,24.4,11.9,10.2,10.8,,,10.8,
651,"Junk, Janson",676083,48.0,8.0,,24.6,,12.6,,,6.9,
652,"Borucki, Ryan",621366,,24.7,,52.3,12.6,,,,10.3,
653,"Warren, Austin",681810,20.2,27.7,12.7,39.3,,,,,,
654,"deGrom, Jacob",594798,45.9,,,45.3,5.8,2.9,,,,
655,"Carasiti, Matt",571539,18.2,32.9,17.6,,,,,,,
656,"Rogers, Josh",642028,34.7,4.7,5.9,11.8,4.7,,,,38.2,
657,"Vespi, Nick",663989,,,56.8,24.9,,18.3,,,,
658,"Kilian, Caleb",668873,45.5,2.4,38.3,,1.2,4.8,,,7.8,
659,"Silseth, Chase",681217,42.5,9.0,,,,3.0,19.2,,26.3,
660,"Cueto, Johnny",456501,9.0,35.9,5.4,20.4,28.7,0.6,,,,
661,"Bieber, Shane",669456,41.6,,9.6,24.7,13.3,10.8,,,,
662,"Legumina, Casey",668984,50.0,,,22.9,26.5,,,,0.6,
663,"Díaz, Jhonathan",646242,31.3,19.9,,21.1,15.7,12.0,,,,
664,"Bachar, Lake",669199,47.8,,,31.1,21.1,,,,,
665,"Kuhnel, Joel",669270,27.8,17.1,,41.1,12.0,1.9,,,,
666,"Kitchen, Austin",685116,13.9,34.2,,,17.7,11.4,,,22.8,
667,"Espino, Paolo",502179,32.9,,,,23.4,31.6,,,12.0,
668,"Montgomery, Mason",682254,72.8,,,27.2,,,,,,
669,"Casparius, Ben",676508,48.7,,3.8,35.9,,11.5,,,,
670,"Bickford, Phil",641360,76.6,,,23.4,,,,,,
671,"Jay, Tyler",664079,7.8,52.3,22.2,,,,,,17.6,
672,"Herget, Kevin",643361,47.0,,15.9,2.0,35.1,,,,,
673,"Gillaspie, Logan",670810,47.0,,6.6,1.3,14.6,19.9,,,10.6,
674,"Hill, Jaden",677955,9.9,44.4,,,27.8,,,,17.9,
675,"Parsons, Wes",641149,37.2,15.5,,20.3,5.4,21.6,,,,
676,"Winans, Allan",642216,15.6,23.1,,19.7,41.5,,,,,
677,"Klein, Will",694361,56.8,,,13.7,,29.5,,,,
678,"Gilbert, Tyler",656457,32.4,36.6,13.1,,,2.1,0.7,,15.2,
679,"Nelson, Kyle",669459,27.6,,21.4,51.0,,,,,,
680,"Shugart, Chase",663767,15.5,19.0,19.7,,18.3,,,,27.5,
681,"Davis, Austin",656354,,38.0,38.0,,,,,,23.9,
682,"Winder, Josh",680739,27.7,7.8,,20.6,22.7,,,,21.3,
683,"Hernandez, Nick",663321,37.4,,,58.3,4.3,,,,,
684,"Rutledge, Jackson",671131,15.1,33.8,15.8,23.7,,2.9,8.6,,,
685,"Gillispie, Connor",687362,42.0,,21.7,13.8,22.5,,,,,
686,"Hartlieb, Geoff",664129,29.0,26.8,25.4,18.8,,,,,,
687,"Iriarte, Jairo",683568,46.0,,,40.1,13.9,,,,,
688,"Waldrep, Hurston",694462,39.8,,,22.6,,3.8,33.8,,,
689,"Guerrero, Luis",692285,46.6,,,28.6,24.8,,,,,
690,"Walters, Andrew",689958,62.9,,,37.1,,,,,,
691,"Bermúdez, Jonathan",642834,49.6,,,9.9,11.6,,,,28.9,
692,"Zastryzny, Rob",642239,40.3,,48.7,,4.2,,,,6.7,
693,"Campbell, Isaiah",663462,19.3,1.7,,47.9,,,,,31.1,
694,"Raley, Brooks",548384,,9.2,24.4,,18.5,,,,47.9,
695,"Hartwig, Grant",701643,4.2,34.7,21.2,,6.8,,,,33.1,
696,"Miley, Wade",489119,21.2,15.3,38.1,2.5,20.3,2.5,,,,
697,"Leibrandt, Brandon",605335,26.5,6.0,,27.4,32.5,7.7,,,,
698,"Santos, Gregory",666619,5.4,33.0,,58.9,2.7,,,,,
699,"Selby, Colin",681882,26.8,32.1,,19.6,,21.4,,,,
700,"Eisert, Brandon",685126,36.4,,,40.9,22.7,,,,,
701,"Foster, Matt",641582,44.4,,,31.5,15.7,8.3,,,,
702,"Heasley, Jonathan",669169,19.4,,,23.1,,23.1,,,34.3,
703,"Mederos, Victor",682989,32.7,18.7,,22.4,10.3,15.9,,,,
704,"Contreras, Luis",664351,46.7,,,22.9,9.5,21.0,,,,
705,"Graceffo, Gordon",700669,41.0,,,19.0,24.8,15.2,,,,
706,"Garrett, Amir",607237,34.6,1.9,,63.5,,,,,,
707,"Brzykcy, Zach",694350,55.8,,,,21.2,23.1,,,,
708,"Robert, Daniel",642016,45.6,2.9,,2.9,,,,,48.5,
709,"Pint, Riley",666207,29.4,1.0,,69.6,,,,,,
710,"Graterol, Brusdar",660813,14.9,41.6,11.9,30.7,1.0,,,,,
711,"Mattson, Isaac",676755,70.0,,,7.0,23.0,,,,,
