,game_id,pfr_game_id,season,week,game_type,team,opponent,pfr_player_name,pfr_player_id,passing_drops,passing_drop_pct,receiving_drop,receiving_drop_pct,passing_bad_throws,passing_bad_throw_pct,times_sacked,times_blitzed,times_hurried,times_hit,times_pressured,times_pressured_pct,def_times_blitzed,def_times_hurried,def_times_hitqb
0,2023_01_DET_KC,202309070kan,2023,1,REG,KC,DET,Patrick Mahomes,MahoPa00,5.0,0.135,,,7.0,0.189,0.0,5.0,1.0,7.0,8.0,0.178,,,
1,2023_01_DET_KC,202309070kan,2023,1,REG,DET,KC,Jared Goff,GoffJa00,3.0,0.091,,,4.0,0.121,1.0,12.0,0.0,3.0,4.0,0.111,,,
2,2023_01_CAR_ATL,202309100atl,2023,1,REG,ATL,CAR,Desmond Ridder,RiddDe00,1.0,0.056,,,2.0,0.111,4.0,5.0,1.0,1.0,6.0,0.273,,,
3,2023_01_CAR_ATL,202309100atl,2023,1,REG,CAR,ATL,Bryce Young,YounBr01,0.0,0.0,,,8.0,0.258,2.0,7.0,8.0,4.0,14.0,0.333,,,
4,2023_01_HOU_BAL,202309100rav,2023,1,REG,BAL,HOU,Lamar Jackson,JackLa00,1.0,0.048,,,2.0,0.095,4.0,9.0,1.0,4.0,9.0,0.29,,,
5,2023_01_HOU_BAL,202309100rav,2023,1,REG,HOU,BAL,C.J. Stroud,StroCJ00,2.0,0.047,,,10.0,0.233,5.0,14.0,4.0,5.0,14.0,0.264,,,
6,2023_01_CIN_CLE,202309100cle,2023,1,REG,CLE,CIN,Deshaun Watson,WatsDe00,3.0,0.103,,,6.0,0.207,3.0,12.0,3.0,2.0,8.0,0.229,,,
7,2023_01_CIN_CLE,202309100cle,2023,1,REG,CIN,CLE,Joe Burrow,BurrJo01,3.0,0.1,,,10.0,0.333,2.0,13.0,0.0,7.0,9.0,0.273,,,
8,2023_01_CIN_CLE,202309100cle,2023,1,REG,CIN,CLE,Jake Browning,BrowJa08,0.0,0.0,,,0.0,0.0,0.0,1.0,0.0,1.0,1.0,1.0,,,
9,2023_01_JAX_IND,202309100clt,2023,1,REG,IND,JAX,Anthony Richardson,RichAn03,2.0,0.054,,,8.0,0.216,4.0,15.0,4.0,2.0,10.0,0.222,,,
10,2023_01_JAX_IND,202309100clt,2023,1,REG,IND,JAX,Gardner Minshew II,MinsGa00,0.0,0.0,,,1.0,0.5,0.0,2.0,1.0,0.0,1.0,0.5,,,
11,2023_01_JAX_IND,202309100clt,2023,1,REG,JAX,IND,Trevor Lawrence,LawrTr00,1.0,0.031,,,5.0,0.156,2.0,3.0,1.0,1.0,4.0,0.111,,,
12,2023_01_TB_MIN,202309100min,2023,1,REG,MIN,TB,Kirk Cousins,CousKi00,1.0,0.023,,,7.0,0.159,2.0,21.0,4.0,7.0,13.0,0.277,,,
13,2023_01_TB_MIN,202309100min,2023,1,REG,TB,MIN,Baker Mayfield,MayfBa00,1.0,0.031,,,5.0,0.156,1.0,19.0,4.0,1.0,6.0,0.158,,,
14,2023_01_TEN_NO,202309100nor,2023,1,REG,NO,TEN,Derek Carr,CarrDe02,0.0,0.0,,,6.0,0.182,4.0,8.0,1.0,3.0,8.0,0.211,,,
15,2023_01_TEN_NO,202309100nor,2023,1,REG,TEN,NO,Ryan Tannehill,TannRy00,3.0,0.091,,,3.0,0.091,3.0,13.0,0.0,5.0,8.0,0.2,,,
16,2023_01_SF_PIT,202309100pit,2023,1,REG,PIT,SF,Kenny Pickett,PickKe00,1.0,0.022,,,10.0,0.222,5.0,7.0,14.0,5.0,24.0,0.462,,,
17,2023_01_SF_PIT,202309100pit,2023,1,REG,SF,PIT,Brock Purdy,PurdBr00,2.0,0.071,,,3.0,0.107,3.0,9.0,13.0,3.0,19.0,0.559,,,
18,2023_01_ARI_WAS,202309100was,2023,1,REG,WAS,ARI,Sam Howell,HoweSa00,2.0,0.069,,,2.0,0.069,6.0,9.0,1.0,0.0,7.0,0.179,,,
19,2023_01_ARI_WAS,202309100was,2023,1,REG,ARI,WAS,Joshua Dobbs,DobbJo00,0.0,0.0,,,1.0,0.033,3.0,9.0,1.0,1.0,5.0,0.152,,,
20,2023_01_GB_CHI,202309100chi,2023,1,REG,CHI,GB,Justin Fields,FielJu00,2.0,0.056,,,6.0,0.167,4.0,14.0,4.0,1.0,9.0,0.188,,,
21,2023_01_GB_CHI,202309100chi,2023,1,REG,GB,CHI,Jordan Love,LoveJo03,2.0,0.074,,,7.0,0.259,1.0,5.0,2.0,2.0,5.0,0.167,,,
22,2023_01_LV_DEN,202309100den,2023,1,REG,DEN,LV,Russell Wilson,WilsRu00,0.0,0.0,,,4.0,0.125,2.0,10.0,2.0,0.0,4.0,0.108,,,
23,2023_01_LV_DEN,202309100den,2023,1,REG,LV,DEN,Jimmy Garoppolo,GaroJi00,0.0,0.0,,,2.0,0.077,0.0,6.0,1.0,1.0,2.0,0.069,,,
24,2023_01_MIA_LAC,202309100sdg,2023,1,REG,LAC,MIA,Justin Herbert,HerbJu00,1.0,0.032,,,6.0,0.194,3.0,7.0,4.0,1.0,8.0,0.222,,,
25,2023_01_MIA_LAC,202309100sdg,2023,1,REG,MIA,LAC,Tua Tagovailoa,TagoTu00,2.0,0.045,,,4.0,0.091,0.0,16.0,3.0,2.0,5.0,0.111,,,
26,2023_01_PHI_NE,202309100nwe,2023,1,REG,NE,PHI,Mac Jones,JoneMa05,5.0,0.093,,,7.0,0.13,2.0,13.0,17.0,4.0,23.0,0.397,,,
27,2023_01_PHI_NE,202309100nwe,2023,1,REG,PHI,NE,Jalen Hurts,HurtJa00,2.0,0.067,,,4.0,0.133,3.0,15.0,9.0,2.0,14.0,0.368,,,
28,2023_01_LA_SEA,202309100sea,2023,1,REG,SEA,LA,Geno Smith,SmitGe00,2.0,0.083,,,5.0,0.208,2.0,8.0,3.0,3.0,8.0,0.276,,,
29,2023_01_LA_SEA,202309100sea,2023,1,REG,LA,SEA,Matthew Stafford,StafMa00,2.0,0.054,,,10.0,0.27,0.0,12.0,1.0,2.0,3.0,0.077,,,
30,2023_01_DAL_NYG,202309100nyg,2023,1,REG,NYG,DAL,Daniel Jones,JoneDa05,3.0,0.111,,,4.0,0.148,7.0,9.0,3.0,6.0,16.0,0.381,,,
31,2023_01_DAL_NYG,202309100nyg,2023,1,REG,NYG,DAL,Tyrod Taylor,TaylTy00,0.0,0.0,,,0.0,0.0,0.0,0.0,0.0,0.0,0.0,0.0,,,
32,2023_01_DAL_NYG,202309100nyg,2023,1,REG,DAL,NYG,Dak Prescott,PresDa01,4.0,0.167,,,3.0,0.125,0.0,7.0,1.0,3.0,4.0,0.167,,,
33,2023_01_DAL_NYG,202309100nyg,2023,1,REG,DAL,NYG,Cooper Rush,RushCo00,0.0,0.0,,,1.0,1.0,0.0,1.0,0.0,0.0,0.0,0.0,,,
34,2023_01_BUF_NYJ,202309110nyj,2023,1,REG,NYJ,BUF,Zach Wilson,WilsZa00,0.0,0.0,,,3.0,0.167,2.0,3.0,3.0,3.0,8.0,0.333,,,
35,2023_01_BUF_NYJ,202309110nyj,2023,1,REG,NYJ,BUF,Aaron Rodgers,RodgAa00,0.0,0.0,,,0.0,0.0,1.0,0.0,1.0,1.0,3.0,1.5,,,
36,2023_01_BUF_NYJ,202309110nyj,2023,1,REG,BUF,NYJ,Josh Allen,AlleJo02,0.0,0.0,,,7.0,0.179,5.0,11.0,2.0,4.0,11.0,0.22,,,
37,2023_02_MIN_PHI,202309140phi,2023,2,REG,PHI,MIN,Jalen Hurts,HurtJa00,0.0,0.0,,,2.0,0.091,4.0,14.0,0.0,0.0,4.0,0.129,,,
38,2023_02_MIN_PHI,202309140phi,2023,2,REG,MIN,PHI,Kirk Cousins,CousKi00,3.0,0.068,,,8.0,0.182,2.0,8.0,0.0,9.0,11.0,0.239,,,
39,2023_02_GB_ATL,202309170atl,2023,2,REG,ATL,GB,Desmond Ridder,RiddDe00,2.0,0.067,,,5.0,0.167,1.0,13.0,4.0,4.0,9.0,0.237,,,
40,2023_02_GB_ATL,202309170atl,2023,2,REG,GB,ATL,Jordan Love,LoveJo03,0.0,0.0,,,6.0,0.24,1.0,12.0,0.0,2.0,3.0,0.111,,,
41,2023_02_LV_BUF,202309170buf,2023,2,REG,BUF,LV,Josh Allen,AlleJo02,1.0,0.028,,,3.0,0.083,2.0,12.0,1.0,1.0,4.0,0.103,,,
42,2023_02_LV_BUF,202309170buf,2023,2,REG,LV,BUF,Jimmy Garoppolo,GaroJi00,0.0,0.0,,,4.0,0.174,0.0,3.0,0.0,2.0,2.0,0.08,,,
43,2023_02_BAL_CIN,202309170cin,2023,2,REG,CIN,BAL,Joe Burrow,BurrJo01,2.0,0.051,,,3.0,0.077,1.0,6.0,0.0,4.0,5.0,0.116,,,
44,2023_02_BAL_CIN,202309170cin,2023,2,REG,BAL,CIN,Lamar Jackson,JackLa00,2.0,0.061,,,5.0,0.152,0.0,14.0,0.0,1.0,1.0,0.026,,,
45,2023_02_SEA_DET,202309170det,2023,2,REG,DET,SEA,Jared Goff,GoffJa00,2.0,0.059,,,2.0,0.059,2.0,7.0,4.0,4.0,10.0,0.27,,,
46,2023_02_SEA_DET,202309170det,2023,2,REG,SEA,DET,Geno Smith,SmitGe00,0.0,0.0,,,4.0,0.105,1.0,16.0,13.0,0.0,14.0,0.311,,,
47,2023_02_IND_HOU,202309170htx,2023,2,REG,HOU,IND,C.J. Stroud,StroCJ00,1.0,0.023,,,10.0,0.233,6.0,8.0,10.0,3.0,19.0,0.352,,,
48,2023_02_IND_HOU,202309170htx,2023,2,REG,IND,HOU,Gardner Minshew II,MinsGa00,0.0,0.0,,,3.0,0.136,0.0,8.0,5.0,0.0,5.0,0.2,,,
49,2023_02_IND_HOU,202309170htx,2023,2,REG,IND,HOU,Anthony Richardson,RichAn03,1.0,0.111,,,1.0,0.111,0.0,0.0,1.0,1.0,2.0,0.2,,,
50,2023_02_KC_JAX,202309170jax,2023,2,REG,JAX,KC,Trevor Lawrence,LawrTr00,3.0,0.075,,,10.0,0.25,4.0,18.0,11.0,2.0,17.0,0.354,,,
51,2023_02_KC_JAX,202309170jax,2023,2,REG,JAX,KC,Christian Kirk,KirkCh01,0.0,0.0,,,0.0,0.0,0.0,1.0,0.0,0.0,0.0,0.0,,,
52,2023_02_KC_JAX,202309170jax,2023,2,REG,KC,JAX,Patrick Mahomes,MahoPa00,2.0,0.05,,,2.0,0.05,1.0,8.0,12.0,2.0,15.0,0.333,,,
53,2023_02_CHI_TB,202309170tam,2023,2,REG,TB,CHI,Baker Mayfield,MayfBa00,1.0,0.031,,,3.0,0.094,0.0,6.0,5.0,1.0,6.0,0.162,,,
54,2023_02_CHI_TB,202309170tam,2023,2,REG,CHI,TB,Justin Fields,FielJu00,1.0,0.036,,,5.0,0.179,6.0,10.0,2.0,3.0,11.0,0.314,,,
55,2023_02_LAC_TEN,202309170oti,2023,2,REG,TEN,LAC,Ryan Tannehill,TannRy00,2.0,0.083,,,1.0,0.042,5.0,12.0,0.0,0.0,5.0,0.172,,,
56,2023_02_LAC_TEN,202309170oti,2023,2,REG,LAC,TEN,Justin Herbert,HerbJu00,1.0,0.026,,,6.0,0.154,3.0,6.0,1.0,1.0,5.0,0.114,,,
57,2023_02_NYG_ARI,202309170crd,2023,2,REG,ARI,NYG,Joshua Dobbs,DobbJo00,1.0,0.032,,,6.0,0.194,0.0,16.0,1.0,6.0,7.0,0.219,,,
58,2023_02_NYG_ARI,202309170crd,2023,2,REG,NYG,ARI,Daniel Jones,JoneDa05,1.0,0.029,,,3.0,0.086,3.0,6.0,4.0,1.0,8.0,0.178,,,
59,2023_02_SF_LA,202309170ram,2023,2,REG,LA,SF,Matthew Stafford,StafMa00,6.0,0.115,,,6.0,0.115,1.0,16.0,7.0,2.0,10.0,0.169,,,
60,2023_02_SF_LA,202309170ram,2023,2,REG,SF,LA,Brock Purdy,PurdBr00,1.0,0.042,,,6.0,0.25,1.0,4.0,2.0,2.0,5.0,0.192,,,
61,2023_02_NYJ_DAL,202309170dal,2023,2,REG,DAL,NYJ,Dak Prescott,PresDa01,0.0,0.0,,,5.0,0.135,1.0,10.0,0.0,2.0,3.0,0.075,,,
62,2023_02_NYJ_DAL,202309170dal,2023,2,REG,NYJ,DAL,Zach Wilson,WilsZa00,3.0,0.12,,,6.0,0.24,3.0,7.0,4.0,2.0,9.0,0.265,,,
63,2023_02_WAS_DEN,202309170den,2023,2,REG,DEN,WAS,Russell Wilson,WilsRu00,0.0,0.0,,,7.0,0.259,7.0,9.0,5.0,2.0,14.0,0.333,,,
64,2023_02_WAS_DEN,202309170den,2023,2,REG,WAS,DEN,Sam Howell,HoweSa00,1.0,0.029,,,1.0,0.029,4.0,13.0,2.0,2.0,8.0,0.178,,,
65,2023_02_MIA_NE,202309170nwe,2023,2,REG,NE,MIA,Mac Jones,JoneMa05,0.0,0.0,,,4.0,0.095,4.0,20.0,0.0,1.0,5.0,0.106,,,
66,2023_02_MIA_NE,202309170nwe,2023,2,REG,MIA,NE,Tua Tagovailoa,TagoTu00,3.0,0.103,,,0.0,0.0,1.0,15.0,0.0,1.0,2.0,0.063,,,
67,2023_02_NO_CAR,202309180car,2023,2,REG,CAR,NO,Bryce Young,YounBr01,1.0,0.032,,,6.0,0.194,4.0,4.0,4.0,3.0,11.0,0.282,,,
68,2023_02_NO_CAR,202309180car,2023,2,REG,NO,CAR,Derek Carr,CarrDe02,1.0,0.029,,,6.0,0.176,4.0,13.0,1.0,1.0,6.0,0.15,,,
69,2023_02_NO_CAR,202309180car,2023,2,REG,NO,CAR,Taysom Hill,HillTa00,0.0,0.0,,,0.0,0.0,0.0,0.0,0.0,0.0,0.0,0.0,,,
70,2023_02_CLE_PIT,202309180pit,2023,2,REG,PIT,CLE,Kenny Pickett,PickKe00,2.0,0.069,,,6.0,0.207,2.0,9.0,3.0,6.0,11.0,0.344,,,
71,2023_02_CLE_PIT,202309180pit,2023,2,REG,CLE,PIT,Deshaun Watson,WatsDe00,3.0,0.075,,,9.0,0.225,6.0,21.0,2.0,5.0,13.0,0.265,,,
72,2023_03_NYG_SF,202309210sfo,2023,3,REG,SF,NYG,Brock Purdy,PurdBr00,1.0,0.029,,,4.0,0.118,2.0,27.0,0.0,3.0,5.0,0.128,,,
73,2023_03_NYG_SF,202309210sfo,2023,3,REG,NYG,SF,Daniel Jones,JoneDa05,2.0,0.065,,,5.0,0.161,2.0,12.0,1.0,3.0,6.0,0.176,,,
74,2023_03_NYG_SF,202309210sfo,2023,3,REG,NYG,SF,Tyrod Taylor,TaylTy00,0.0,0.0,,,1.0,1.0,0.0,1.0,0.0,1.0,1.0,0.5,,,
75,2023_03_IND_BAL,202309240rav,2023,3,REG,BAL,IND,Lamar Jackson,JackLa00,2.0,0.067,,,5.0,0.167,4.0,11.0,1.0,0.0,5.0,0.125,,,
76,2023_03_IND_BAL,202309240rav,2023,3,REG,IND,BAL,Gardner Minshew II,MinsGa00,4.0,0.095,,,6.0,0.143,5.0,30.0,2.0,1.0,8.0,0.163,,,
77,2023_03_TEN_CLE,202309240cle,2023,3,REG,CLE,TEN,Deshaun Watson,WatsDe00,1.0,0.032,,,3.0,0.097,3.0,11.0,3.0,2.0,8.0,0.216,,,
78,2023_03_TEN_CLE,202309240cle,2023,3,REG,TEN,CLE,Ryan Tannehill,TannRy00,2.0,0.083,,,6.0,0.25,5.0,8.0,2.0,3.0,10.0,0.333,,,
79,2023_03_ATL_DET,202309240det,2023,3,REG,DET,ATL,Jared Goff,GoffJa00,1.0,0.032,,,5.0,0.161,0.0,7.0,3.0,9.0,12.0,0.353,,,
80,2023_03_ATL_DET,202309240det,2023,3,REG,ATL,DET,Desmond Ridder,RiddDe00,4.0,0.105,,,6.0,0.158,7.0,6.0,4.0,2.0,13.0,0.283,,,
81,2023_03_NO_GB,202309240gnb,2023,3,REG,GB,NO,Jordan Love,LoveJo03,2.0,0.047,,,7.0,0.163,1.0,14.0,9.0,2.0,12.0,0.245,,,
82,2023_03_NO_GB,202309240gnb,2023,3,REG,NO,GB,Derek Carr,CarrDe02,0.0,0.0,,,2.0,0.111,3.0,8.0,4.0,2.0,9.0,0.429,,,
83,2023_03_NO_GB,202309240gnb,2023,3,REG,NO,GB,Jameis Winston,WinsJa00,0.0,0.0,,,3.0,0.188,1.0,8.0,2.0,0.0,3.0,0.176,,,
84,2023_03_HOU_JAX,202309240jax,2023,3,REG,JAX,HOU,Trevor Lawrence,LawrTr00,4.0,0.105,,,4.0,0.105,0.0,7.0,3.0,5.0,8.0,0.19,,,
85,2023_03_HOU_JAX,202309240jax,2023,3,REG,JAX,HOU,C.J. Beathard,BeatC.00,0.0,0.0,,,0.0,0.0,0.0,0.0,0.0,0.0,0.0,0.0,,,
86,2023_03_HOU_JAX,202309240jax,2023,3,REG,HOU,JAX,C.J. Stroud,StroCJ00,2.0,0.069,,,6.0,0.207,0.0,9.0,2.0,4.0,6.0,0.194,,,
87,2023_03_DEN_MIA,202309240mia,2023,3,REG,MIA,DEN,Tua Tagovailoa,TagoTu00,0.0,0.0,,,3.0,0.115,0.0,3.0,0.0,1.0,1.0,0.038,,,
88,2023_03_DEN_MIA,202309240mia,2023,3,REG,MIA,DEN,Mike White,WhitMi01,0.0,0.0,,,0.0,0.0,0.0,1.0,0.0,0.0,0.0,0.0,,,
89,2023_03_DEN_MIA,202309240mia,2023,3,REG,DEN,MIA,Russell Wilson,WilsRu00,0.0,0.0,,,6.0,0.167,1.0,10.0,5.0,11.0,17.0,0.436,,,
90,2023_03_LAC_MIN,202309240min,2023,3,REG,MIN,LAC,Kirk Cousins,CousKi00,1.0,0.02,,,10.0,0.204,4.0,13.0,7.0,7.0,18.0,0.327,,,
91,2023_03_LAC_MIN,202309240min,2023,3,REG,LAC,MIN,Justin Herbert,HerbJu00,1.0,0.021,,,4.0,0.085,1.0,39.0,3.0,3.0,7.0,0.143,,,
92,2023_03_LAC_MIN,202309240min,2023,3,REG,LAC,MIN,Keenan Allen,AlleKe00,0.0,0.0,,,0.0,0.0,0.0,1.0,0.0,0.0,0.0,0.0,,,
93,2023_03_NE_NYJ,202309240nyj,2023,3,REG,NYJ,NE,Zach Wilson,WilsZa00,2.0,0.069,,,4.0,0.138,3.0,16.0,7.0,5.0,15.0,0.375,,,
94,2023_03_NE_NYJ,202309240nyj,2023,3,REG,NE,NYJ,Mac Jones,JoneMa05,1.0,0.037,,,7.0,0.259,0.0,3.0,3.0,5.0,8.0,0.267,,,
95,2023_03_BUF_WAS,202309240was,2023,3,REG,WAS,BUF,Sam Howell,HoweSa00,1.0,0.034,,,6.0,0.207,9.0,10.0,0.0,6.0,15.0,0.385,,,
96,2023_03_BUF_WAS,202309240was,2023,3,REG,BUF,WAS,Josh Allen,AlleJo02,3.0,0.097,,,1.0,0.032,0.0,7.0,0.0,2.0,2.0,0.057,,,
97,2023_03_CAR_SEA,202309240sea,2023,3,REG,SEA,CAR,Geno Smith,SmitGe00,2.0,0.057,,,9.0,0.257,2.0,7.0,4.0,6.0,12.0,0.316,,,
98,2023_03_CAR_SEA,202309240sea,2023,3,REG,CAR,SEA,Andy Dalton,DaltAn00,5.0,0.088,,,11.0,0.193,3.0,14.0,2.0,5.0,10.0,0.161,,,
99,2023_03_DAL_ARI,202309240crd,2023,3,REG,ARI,DAL,Joshua Dobbs,DobbJo00,1.0,0.048,,,2.0,0.095,2.0,13.0,1.0,2.0,5.0,0.2,,,
100,2023_03_DAL_ARI,202309240crd,2023,3,REG,DAL,ARI,Dak Prescott,PresDa01,2.0,0.054,,,1.0,0.027,2.0,8.0,3.0,2.0,7.0,0.156,,,
101,2023_03_CHI_KC,202309240kan,2023,3,REG,KC,CHI,Patrick Mahomes,MahoPa00,3.0,0.094,,,4.0,0.125,0.0,3.0,1.0,3.0,4.0,0.111,,,
102,2023_03_CHI_KC,202309240kan,2023,3,REG,KC,CHI,Blaine Gabbert,GabbBl00,1.0,0.2,,,1.0,0.2,0.0,1.0,0.0,2.0,2.0,0.4,,,
103,2023_03_CHI_KC,202309240kan,2023,3,REG,CHI,KC,Justin Fields,FielJu00,1.0,0.05,,,6.0,0.3,3.0,9.0,5.0,1.0,9.0,0.3,,,
104,2023_03_PIT_LV,202309240rai,2023,3,REG,LV,PIT,Jimmy Garoppolo,GaroJi00,1.0,0.023,,,10.0,0.227,4.0,8.0,0.0,4.0,8.0,0.163,,,
105,2023_03_PIT_LV,202309240rai,2023,3,REG,PIT,LV,Kenny Pickett,PickKe00,0.0,0.0,,,8.0,0.296,1.0,6.0,1.0,4.0,6.0,0.2,,,
106,2023_03_PHI_TB,202309250tam,2023,3,REG,TB,PHI,Baker Mayfield,MayfBa00,2.0,0.08,,,6.0,0.24,2.0,6.0,2.0,2.0,6.0,0.214,,,
107,2023_03_PHI_TB,202309250tam,2023,3,REG,PHI,TB,Jalen Hurts,HurtJa00,2.0,0.057,,,8.0,0.229,1.0,22.0,4.0,3.0,8.0,0.2,,,
108,2023_03_LA_CIN,202309250cin,2023,3,REG,CIN,LA,Joe Burrow,BurrJo01,4.0,0.087,,,9.0,0.196,2.0,9.0,3.0,2.0,7.0,0.137,,,
109,2023_03_LA_CIN,202309250cin,2023,3,REG,LA,CIN,Matthew Stafford,StafMa00,3.0,0.094,,,6.0,0.188,6.0,15.0,1.0,4.0,11.0,0.275,,,
110,2023_04_DET_GB,202309280gnb,2023,4,REG,GB,DET,Jordan Love,LoveJo03,0.0,0.0,,,8.0,0.235,5.0,3.0,2.0,5.0,12.0,0.293,,,
111,2023_04_DET_GB,202309280gnb,2023,4,REG,DET,GB,Jared Goff,GoffJa00,2.0,0.071,,,6.0,0.214,2.0,9.0,1.0,4.0,7.0,0.226,,,
112,2023_04_ATL_JAX,202310010jax,2023,4,REG,JAX,ATL,Trevor Lawrence,LawrTr00,2.0,0.067,,,5.0,0.167,2.0,8.0,3.0,4.0,9.0,0.25,,,
113,2023_04_ATL_JAX,202310010jax,2023,4,REG,ATL,JAX,Desmond Ridder,RiddDe00,1.0,0.033,,,3.0,0.1,4.0,12.0,1.0,3.0,8.0,0.222,,,
114,2023_04_MIA_BUF,202310010buf,2023,4,REG,BUF,MIA,Josh Allen,AlleJo02,0.0,0.0,,,1.0,0.04,2.0,7.0,5.0,1.0,8.0,0.276,,,
115,2023_04_MIA_BUF,202310010buf,2023,4,REG,MIA,BUF,Tua Tagovailoa,TagoTu00,0.0,0.0,,,5.0,0.147,4.0,7.0,3.0,5.0,12.0,0.293,,,
116,2023_04_MIN_CAR,202310010car,2023,4,REG,CAR,MIN,Bryce Young,YounBr01,1.0,0.032,,,2.0,0.065,5.0,14.0,0.0,1.0,6.0,0.154,,,
117,2023_04_MIN_CAR,202310010car,2023,4,REG,MIN,CAR,Kirk Cousins,CousKi00,1.0,0.056,,,2.0,0.111,2.0,7.0,2.0,2.0,6.0,0.286,,,
118,2023_04_DEN_CHI,202310010chi,2023,4,REG,CHI,DEN,Justin Fields,FielJu00,1.0,0.03,,,0.0,0.0,4.0,10.0,0.0,5.0,9.0,0.22,,,
119,2023_04_DEN_CHI,202310010chi,2023,4,REG,DEN,CHI,Russell Wilson,WilsRu00,1.0,0.038,,,3.0,0.115,1.0,10.0,0.0,2.0,3.0,0.097,,,
120,2023_04_BAL_CLE,202310010cle,2023,4,REG,CLE,BAL,Dorian Thompson-Robinson,ThomDo02,0.0,0.0,,,8.0,0.229,4.0,9.0,0.0,5.0,9.0,0.209,,,
121,2023_04_BAL_CLE,202310010cle,2023,4,REG,BAL,CLE,Lamar Jackson,JackLa00,0.0,0.0,,,0.0,0.0,3.0,5.0,0.0,3.0,6.0,0.24,,,
122,2023_04_PIT_HOU,202310010htx,2023,4,REG,HOU,PIT,C.J. Stroud,StroCJ00,1.0,0.038,,,6.0,0.231,0.0,8.0,2.0,5.0,7.0,0.219,,,
123,2023_04_PIT_HOU,202310010htx,2023,4,REG,HOU,PIT,Devin Singletary,SingDe00,0.0,0.0,,,0.0,0.0,0.0,0.0,0.0,1.0,1.0,1.0,,,
124,2023_04_PIT_HOU,202310010htx,2023,4,REG,PIT,HOU,Kenny Pickett,PickKe00,0.0,0.0,,,5.0,0.227,3.0,3.0,2.0,3.0,8.0,0.296,,,
125,2023_04_PIT_HOU,202310010htx,2023,4,REG,PIT,HOU,Mitchell Trubisky,TrubMi00,0.0,0.0,,,0.0,0.0,0.0,0.0,0.0,0.0,0.0,0.0,,,
126,2023_04_LA_IND,202310010clt,2023,4,REG,IND,LA,Anthony Richardson,RichAn03,3.0,0.125,,,6.0,0.25,2.0,6.0,5.0,2.0,9.0,0.3,,,
127,2023_04_LA_IND,202310010clt,2023,4,REG,LA,IND,Matthew Stafford,StafMa00,0.0,0.0,,,5.0,0.128,2.0,7.0,1.0,6.0,9.0,0.205,,,
128,2023_04_TB_NO,202310010nor,2023,4,REG,NO,TB,Derek Carr,CarrDe02,1.0,0.028,,,9.0,0.25,2.0,7.0,0.0,1.0,3.0,0.077,,,
129,2023_04_TB_NO,202310010nor,2023,4,REG,NO,TB,Taysom Hill,HillTa00,0.0,0.0,,,0.0,0.0,1.0,2.0,0.0,0.0,1.0,0.333,,,
130,2023_04_TB_NO,202310010nor,2023,4,REG,NO,TB,Jameis Winston,WinsJa00,0.0,0.0,,,1.0,1.0,0.0,0.0,0.0,1.0,1.0,1.0,,,
131,2023_04_TB_NO,202310010nor,2023,4,REG,TB,NO,Baker Mayfield,MayfBa00,0.0,0.0,,,2.0,0.069,1.0,6.0,0.0,2.0,3.0,0.079,,,
132,2023_04_TB_NO,202310010nor,2023,4,REG,TB,NO,Chris Godwin,GodwCh00,0.0,0.0,,,0.0,0.0,0.0,0.0,0.0,0.0,0.0,0.0,,,
133,2023_04_WAS_PHI,202310010phi,2023,4,REG,PHI,WAS,Jalen Hurts,HurtJa00,1.0,0.029,,,5.0,0.147,3.0,11.0,4.0,6.0,13.0,0.302,,,
134,2023_04_WAS_PHI,202310010phi,2023,4,REG,WAS,PHI,Sam Howell,HoweSa00,2.0,0.051,,,4.0,0.103,5.0,14.0,4.0,4.0,13.0,0.25,,,
135,2023_04_CIN_TEN,202310010oti,2023,4,REG,TEN,CIN,Ryan Tannehill,TannRy00,1.0,0.04,,,6.0,0.24,3.0,8.0,1.0,4.0,8.0,0.267,,,
136,2023_04_CIN_TEN,202310010oti,2023,4,REG,TEN,CIN,Derrick Henry,HenrDe00,0.0,0.0,,,0.0,0.0,0.0,1.0,0.0,0.0,0.0,0.0,,,
137,2023_04_CIN_TEN,202310010oti,2023,4,REG,CIN,TEN,Joe Burrow,BurrJo01,1.0,0.036,,,4.0,0.143,3.0,10.0,1.0,7.0,11.0,0.314,,,
138,2023_04_LV_LAC,202310010sdg,2023,4,REG,LAC,LV,Justin Herbert,HerbJu00,1.0,0.042,,,6.0,0.25,2.0,6.0,3.0,3.0,8.0,0.267,,,
139,2023_04_LV_LAC,202310010sdg,2023,4,REG,LV,LAC,Aidan O'Connell,OConAi00,2.0,0.053,,,10.0,0.263,7.0,8.0,0.0,1.0,8.0,0.174,,,
140,2023_04_NE_DAL,202310010dal,2023,4,REG,DAL,NE,Dak Prescott,PresDa01,2.0,0.059,,,2.0,0.059,3.0,17.0,0.0,4.0,7.0,0.189,,,
141,2023_04_NE_DAL,202310010dal,2023,4,REG,DAL,NE,Cooper Rush,RushCo00,0.0,0.0,,,0.0,0.0,0.0,2.0,0.0,0.0,0.0,0.0,,,
142,2023_04_NE_DAL,202310010dal,2023,4,REG,NE,DAL,Mac Jones,JoneMa05,1.0,0.048,,,4.0,0.19,1.0,6.0,0.0,0.0,1.0,0.042,,,
143,2023_04_NE_DAL,202310010dal,2023,4,REG,NE,DAL,Bailey Zappe,ZappBa00,0.0,0.0,,,3.0,0.375,1.0,3.0,1.0,0.0,2.0,0.2,,,
144,2023_04_ARI_SF,202310010sfo,2023,4,REG,SF,ARI,Brock Purdy,PurdBr00,0.0,0.0,,,1.0,0.048,1.0,3.0,1.0,0.0,2.0,0.091,,,
145,2023_04_ARI_SF,202310010sfo,2023,4,REG,ARI,SF,Joshua Dobbs,DobbJo00,3.0,0.073,,,10.0,0.244,1.0,3.0,1.0,6.0,8.0,0.17,,,
146,2023_04_KC_NYJ,202310010nyj,2023,4,REG,NYJ,KC,Zach Wilson,WilsZa00,2.0,0.051,,,6.0,0.154,2.0,14.0,6.0,8.0,16.0,0.381,,,
147,2023_04_KC_NYJ,202310010nyj,2023,4,REG,KC,NYJ,Patrick Mahomes,MahoPa00,2.0,0.069,,,5.0,0.172,1.0,7.0,8.0,7.0,16.0,0.457,,,
148,2023_04_SEA_NYG,202310020nyg,2023,4,REG,NYG,SEA,Daniel Jones,JoneDa05,0.0,0.0,,,3.0,0.091,10.0,9.0,7.0,4.0,21.0,0.42,,,
149,2023_04_SEA_NYG,202310020nyg,2023,4,REG,SEA,NYG,Geno Smith,SmitGe00,0.0,0.0,,,2.0,0.1,2.0,8.0,4.0,1.0,7.0,0.318,,,
150,2023_04_SEA_NYG,202310020nyg,2023,4,REG,SEA,NYG,Drew Lock,LockDr00,1.0,0.167,,,2.0,0.333,0.0,3.0,3.0,0.0,3.0,0.429,,,
151,2023_05_CHI_WAS,202310050was,2023,5,REG,WAS,CHI,Sam Howell,HoweSa00,1.0,0.02,,,7.0,0.143,5.0,14.0,5.0,7.0,17.0,0.283,,,
152,2023_05_CHI_WAS,202310050was,2023,5,REG,CHI,WAS,Justin Fields,FielJu00,0.0,0.0,,,6.0,0.231,3.0,12.0,8.0,5.0,16.0,0.485,,,
153,2023_05_JAX_BUF,202310080buf,2023,5,REG,BUF,JAX,Josh Allen,AlleJo02,4.0,0.111,,,3.0,0.083,0.0,18.0,5.0,5.0,10.0,0.238,,,
154,2023_05_JAX_BUF,202310080buf,2023,5,REG,JAX,BUF,Trevor Lawrence,LawrTr00,2.0,0.054,,,3.0,0.081,5.0,17.0,5.0,4.0,14.0,0.298,,,
155,2023_05_HOU_ATL,202310080atl,2023,5,REG,ATL,HOU,Desmond Ridder,RiddDe00,1.0,0.027,,,5.0,0.135,0.0,6.0,3.0,5.0,8.0,0.211,,,
156,2023_05_HOU_ATL,202310080atl,2023,5,REG,ATL,HOU,Drake London,LondDr00,0.0,0.0,,,0.0,0.0,0.0,0.0,1.0,0.0,1.0,1.0,,,
157,2023_05_HOU_ATL,202310080atl,2023,5,REG,HOU,ATL,C.J. Stroud,StroCJ00,2.0,0.063,,,4.0,0.125,0.0,4.0,6.0,2.0,8.0,0.229,,,
158,2023_05_CAR_DET,202310080det,2023,5,REG,DET,CAR,Jared Goff,GoffJa00,4.0,0.148,,,3.0,0.111,2.0,10.0,2.0,5.0,9.0,0.3,,,
159,2023_05_CAR_DET,202310080det,2023,5,REG,CAR,DET,Bryce Young,YounBr01,0.0,0.0,,,9.0,0.257,1.0,9.0,4.0,4.0,9.0,0.209,,,
160,2023_05_TEN_IND,202310080clt,2023,5,REG,IND,TEN,Gardner Minshew II,MinsGa00,0.0,0.0,,,1.0,0.077,0.0,5.0,0.0,0.0,0.0,0.0,,,
161,2023_05_TEN_IND,202310080clt,2023,5,REG,IND,TEN,Anthony Richardson,RichAn03,0.0,0.0,,,2.0,0.182,1.0,3.0,0.0,0.0,1.0,0.067,,,
162,2023_05_TEN_IND,202310080clt,2023,5,REG,TEN,IND,Ryan Tannehill,TannRy00,1.0,0.03,,,4.0,0.121,1.0,2.0,0.0,4.0,5.0,0.139,,,
163,2023_05_TEN_IND,202310080clt,2023,5,REG,TEN,IND,Derrick Henry,HenrDe00,0.0,0.0,,,1.0,1.0,0.0,0.0,0.0,0.0,0.0,0.0,,,
164,2023_05_NYG_MIA,202310080mia,2023,5,REG,MIA,NYG,Tua Tagovailoa,TagoTu00,0.0,0.0,,,2.0,0.071,1.0,3.0,4.0,1.0,6.0,0.188,,,
165,2023_05_NYG_MIA,202310080mia,2023,5,REG,NYG,MIA,Daniel Jones,JoneDa05,0.0,0.0,,,2.0,0.105,6.0,4.0,3.0,3.0,12.0,0.444,,,
166,2023_05_NYG_MIA,202310080mia,2023,5,REG,NYG,MIA,Tyrod Taylor,TaylTy00,1.0,0.083,,,0.0,0.0,1.0,1.0,3.0,2.0,6.0,0.375,,,
167,2023_05_NO_NE,202310080nwe,2023,5,REG,NE,NO,Mac Jones,JoneMa05,0.0,0.0,,,4.0,0.182,2.0,3.0,0.0,1.0,3.0,0.125,,,
168,2023_05_NO_NE,202310080nwe,2023,5,REG,NE,NO,Bailey Zappe,ZappBa00,0.0,0.0,,,5.0,0.556,0.0,2.0,2.0,0.0,2.0,0.222,,,
169,2023_05_NO_NE,202310080nwe,2023,5,REG,NO,NE,Derek Carr,CarrDe02,1.0,0.04,,,5.0,0.2,2.0,13.0,1.0,0.0,3.0,0.103,,,
170,2023_05_BAL_PIT,202310080pit,2023,5,REG,PIT,BAL,Kenny Pickett,PickKe00,2.0,0.065,,,6.0,0.194,3.0,7.0,0.0,0.0,3.0,0.083,,,
171,2023_05_BAL_PIT,202310080pit,2023,5,REG,BAL,PIT,Lamar Jackson,JackLa00,3.0,0.079,,,7.0,0.184,4.0,27.0,0.0,3.0,7.0,0.152,,,
172,2023_05_CIN_ARI,202310080crd,2023,5,REG,ARI,CIN,Joshua Dobbs,DobbJo00,1.0,0.032,,,4.0,0.129,3.0,11.0,4.0,5.0,12.0,0.343,,,
173,2023_05_CIN_ARI,202310080crd,2023,5,REG,CIN,ARI,Joe Burrow,BurrJo01,0.0,0.0,,,8.0,0.178,3.0,12.0,2.0,1.0,6.0,0.118,,,
174,2023_05_PHI_LA,202310080ram,2023,5,REG,LA,PHI,Matthew Stafford,StafMa00,3.0,0.086,,,9.0,0.257,4.0,13.0,1.0,4.0,9.0,0.22,,,
175,2023_05_PHI_LA,202310080ram,2023,5,REG,PHI,LA,Jalen Hurts,HurtJa00,0.0,0.0,,,7.0,0.194,1.0,10.0,0.0,1.0,2.0,0.047,,,
176,2023_05_NYJ_DEN,202310080den,2023,5,REG,DEN,NYJ,Russell Wilson,WilsRu00,0.0,0.0,,,4.0,0.143,4.0,5.0,3.0,3.0,10.0,0.244,,,
177,2023_05_NYJ_DEN,202310080den,2023,5,REG,NYJ,DEN,Zach Wilson,WilsZa00,0.0,0.0,,,3.0,0.115,4.0,8.0,1.0,1.0,6.0,0.182,,,
178,2023_05_KC_MIN,202310080min,2023,5,REG,MIN,KC,Kirk Cousins,CousKi00,3.0,0.065,,,7.0,0.152,3.0,20.0,1.0,9.0,13.0,0.26,,,
179,2023_05_KC_MIN,202310080min,2023,5,REG,KC,MIN,Patrick Mahomes,MahoPa00,1.0,0.026,,,3.0,0.077,2.0,23.0,7.0,7.0,16.0,0.372,,,
180,2023_05_DAL_SF,202310080sfo,2023,5,REG,SF,DAL,Brock Purdy,PurdBr00,0.0,0.0,,,2.0,0.083,1.0,7.0,0.0,1.0,2.0,0.08,,,
181,2023_05_DAL_SF,202310080sfo,2023,5,REG,SF,DAL,Sam Darnold,DarnSa00,0.0,0.0,,,0.0,0.0,0.0,0.0,0.0,0.0,0.0,0.0,,,
182,2023_05_DAL_SF,202310080sfo,2023,5,REG,DAL,SF,Dak Prescott,PresDa01,2.0,0.083,,,5.0,0.208,3.0,6.0,0.0,4.0,7.0,0.259,,,
183,2023_05_DAL_SF,202310080sfo,2023,5,REG,DAL,SF,Cooper Rush,RushCo00,0.0,0.0,,,0.0,0.0,1.0,0.0,0.0,0.0,1.0,0.333,,,
184,2023_05_GB_LV,202310090rai,2023,5,REG,LV,GB,Jimmy Garoppolo,GaroJi00,0.0,0.0,,,4.0,0.138,3.0,15.0,1.0,2.0,6.0,0.171,,,
185,2023_05_GB_LV,202310090rai,2023,5,REG,GB,LV,Jordan Love,LoveJo03,5.0,0.172,,,6.0,0.207,2.0,5.0,3.0,0.0,5.0,0.147,,,
186,2023_06_DEN_KC,202310120kan,2023,6,REG,KC,DEN,Patrick Mahomes,MahoPa00,2.0,0.053,,,2.0,0.053,2.0,11.0,6.0,1.0,9.0,0.2,,,
187,2023_06_DEN_KC,202310120kan,2023,6,REG,KC,DEN,Kadarius Toney,ToneKa00,0.0,0.0,,,1.0,1.0,0.0,0.0,1.0,0.0,1.0,1.0,,,
188,2023_06_DEN_KC,202310120kan,2023,6,REG,DEN,KC,Russell Wilson,WilsRu00,1.0,0.045,,,1.0,0.045,4.0,11.0,4.0,1.0,9.0,0.31,,,
189,2023_06_BAL_TEN,202310150oti,2023,6,REG,TEN,BAL,Ryan Tannehill,TannRy00,1.0,0.067,,,3.0,0.2,2.0,4.0,0.0,4.0,6.0,0.333,,,
190,2023_06_BAL_TEN,202310150oti,2023,6,REG,TEN,BAL,Malik Willis,WillMa12,0.0,0.0,,,1.0,0.2,4.0,0.0,0.0,0.0,4.0,0.333,,,
191,2023_06_BAL_TEN,202310150oti,2023,6,REG,BAL,TEN,Lamar Jackson,JackLa00,1.0,0.034,,,6.0,0.207,1.0,10.0,4.0,0.0,5.0,0.135,,,
192,2023_06_WAS_ATL,202310150atl,2023,6,REG,ATL,WAS,Desmond Ridder,RiddDe00,1.0,0.023,,,5.0,0.114,3.0,13.0,2.0,4.0,9.0,0.173,,,
193,2023_06_WAS_ATL,202310150atl,2023,6,REG,WAS,ATL,Sam Howell,HoweSa00,0.0,0.0,,,4.0,0.19,5.0,6.0,2.0,4.0,11.0,0.379,,,
194,2023_06_MIN_CHI,202310150chi,2023,6,REG,CHI,MIN,Tyson Bagent,BageTy00,0.0,0.0,,,1.0,0.071,1.0,12.0,1.0,1.0,3.0,0.2,,,
195,2023_06_MIN_CHI,202310150chi,2023,6,REG,CHI,MIN,Justin Fields,FielJu00,1.0,0.1,,,2.0,0.2,4.0,10.0,2.0,1.0,7.0,0.412,,,
196,2023_06_MIN_CHI,202310150chi,2023,6,REG,MIN,CHI,Kirk Cousins,CousKi00,4.0,0.133,,,2.0,0.067,2.0,11.0,2.0,2.0,6.0,0.182,,,
197,2023_06_SEA_CIN,202310150cin,2023,6,REG,CIN,SEA,Joe Burrow,BurrJo01,2.0,0.057,,,3.0,0.086,3.0,8.0,1.0,2.0,6.0,0.154,,,
198,2023_06_SEA_CIN,202310150cin,2023,6,REG,SEA,CIN,Geno Smith,SmitGe00,0.0,0.0,,,5.0,0.135,4.0,10.0,4.0,9.0,17.0,0.354,,,
199,2023_06_SF_CLE,202310150cle,2023,6,REG,CLE,SF,P.J. Walker,WalkPh00,0.0,0.0,,,12.0,0.364,2.0,8.0,4.0,6.0,12.0,0.324,,,
200,2023_06_SF_CLE,202310150cle,2023,6,REG,SF,CLE,Brock Purdy,PurdBr00,0.0,0.0,,,11.0,0.44,3.0,9.0,0.0,3.0,6.0,0.194,,,
201,2023_06_NO_HOU,202310150htx,2023,6,REG,HOU,NO,C.J. Stroud,StroCJ00,0.0,0.0,,,9.0,0.36,2.0,7.0,0.0,1.0,3.0,0.1,,,
202,2023_06_NO_HOU,202310150htx,2023,6,REG,NO,HOU,Derek Carr,CarrDe02,1.0,0.022,,,9.0,0.2,2.0,15.0,0.0,5.0,7.0,0.135,,,
203,2023_06_NO_HOU,202310150htx,2023,6,REG,NO,HOU,Taysom Hill,HillTa00,0.0,0.0,,,0.0,0.0,0.0,1.0,0.0,0.0,0.0,0.0,,,
204,2023_06_IND_JAX,202310150jax,2023,6,REG,JAX,IND,Trevor Lawrence,LawrTr00,0.0,0.0,,,6.0,0.214,3.0,7.0,0.0,2.0,5.0,0.143,,,
205,2023_06_IND_JAX,202310150jax,2023,6,REG,IND,JAX,Gardner Minshew II,MinsGa00,2.0,0.038,,,6.0,0.115,3.0,19.0,0.0,5.0,8.0,0.133,,,
206,2023_06_CAR_MIA,202310150mia,2023,6,REG,MIA,CAR,Tua Tagovailoa,TagoTu00,1.0,0.034,,,2.0,0.069,0.0,14.0,0.0,1.0,1.0,0.032,,,
207,2023_06_CAR_MIA,202310150mia,2023,6,REG,MIA,CAR,Mike White,WhitMi01,0.0,0.0,,,0.0,0.0,0.0,0.0,0.0,0.0,0.0,0.0,,,
208,2023_06_CAR_MIA,202310150mia,2023,6,REG,CAR,MIA,Bryce Young,YounBr01,1.0,0.029,,,10.0,0.286,4.0,6.0,0.0,5.0,9.0,0.214,,,
209,2023_06_CAR_MIA,202310150mia,2023,6,REG,CAR,MIA,Johnny Hekker,HekkJo00,0.0,0.0,,,0.0,0.0,0.0,1.0,0.0,0.0,0.0,0.0,,,
210,2023_06_NE_LV,202310150rai,2023,6,REG,LV,NE,Jimmy Garoppolo,GaroJi00,1.0,0.048,,,3.0,0.143,0.0,7.0,0.0,3.0,3.0,0.13,,,
211,2023_06_NE_LV,202310150rai,2023,6,REG,LV,NE,Brian Hoyer,HoyeBr00,0.0,0.0,,,3.0,0.3,0.0,4.0,0.0,0.0,0.0,0.0,,,
212,2023_06_NE_LV,202310150rai,2023,6,REG,NE,LV,Mac Jones,JoneMa05,2.0,0.065,,,4.0,0.129,3.0,10.0,3.0,0.0,6.0,0.167,,,
213,2023_06_ARI_LA,202310150ram,2023,6,REG,LA,ARI,Matthew Stafford,StafMa00,1.0,0.048,,,4.0,0.19,3.0,9.0,0.0,0.0,3.0,0.107,,,
214,2023_06_ARI_LA,202310150ram,2023,6,REG,ARI,LA,Joshua Dobbs,DobbJo00,0.0,0.0,,,10.0,0.263,2.0,9.0,1.0,8.0,11.0,0.239,,,
215,2023_06_PHI_NYJ,202310150nyj,2023,6,REG,NYJ,PHI,Zach Wilson,WilsZa00,3.0,0.091,,,6.0,0.182,5.0,11.0,6.0,3.0,14.0,0.35,,,
216,2023_06_PHI_NYJ,202310150nyj,2023,6,REG,PHI,NYJ,Jalen Hurts,HurtJa00,4.0,0.093,,,1.0,0.023,2.0,7.0,13.0,1.0,16.0,0.32,,,
217,2023_06_DET_TB,202310150tam,2023,6,REG,TB,DET,Baker Mayfield,MayfBa00,1.0,0.028,,,9.0,0.25,1.0,11.0,6.0,2.0,9.0,0.225,,,
218,2023_06_DET_TB,202310150tam,2023,6,REG,DET,TB,Jared Goff,GoffJa00,1.0,0.024,,,8.0,0.195,3.0,23.0,4.0,0.0,7.0,0.146,,,
219,2023_06_NYG_BUF,202310150buf,2023,6,REG,BUF,NYG,Josh Allen,AlleJo02,2.0,0.069,,,6.0,0.207,0.0,6.0,5.0,1.0,6.0,0.188,,,
220,2023_06_NYG_BUF,202310150buf,2023,6,REG,NYG,BUF,Tyrod Taylor,TaylTy00,0.0,0.0,,,5.0,0.161,3.0,13.0,5.0,3.0,11.0,0.25,,,
221,2023_06_DAL_LAC,202310160sdg,2023,6,REG,LAC,DAL,Justin Herbert,HerbJu00,2.0,0.054,,,7.0,0.189,1.0,15.0,1.0,7.0,9.0,0.205,,,
222,2023_06_DAL_LAC,202310160sdg,2023,6,REG,DAL,LAC,Dak Prescott,PresDa01,4.0,0.133,,,3.0,0.1,5.0,7.0,2.0,1.0,8.0,0.211,,,
223,2023_07_JAX_NO,202310190nor,2023,7,REG,NO,JAX,Derek Carr,CarrDe02,3.0,0.057,,,11.0,0.208,1.0,16.0,6.0,3.0,10.0,0.169,,,
224,2023_07_JAX_NO,202310190nor,2023,7,REG,JAX,NO,Trevor Lawrence,LawrTr00,0.0,0.0,,,5.0,0.172,0.0,5.0,1.0,0.0,1.0,0.029,,,
225,2023_07_JAX_NO,202310190nor,2023,7,REG,JAX,NO,Logan Cooke,CookLo00,0.0,0.0,,,0.0,0.0,0.0,1.0,0.0,0.0,0.0,0.0,,,
226,2023_07_DET_BAL,202310220rav,2023,7,REG,BAL,DET,Lamar Jackson,JackLa00,1.0,0.037,,,5.0,0.185,0.0,6.0,0.0,1.0,1.0,0.031,,,
227,2023_07_DET_BAL,202310220rav,2023,7,REG,BAL,DET,Tyler Huntley,HuntTy01,0.0,0.0,,,1.0,1.0,0.0,0.0,0.0,0.0,0.0,0.0,,,
228,2023_07_DET_BAL,202310220rav,2023,7,REG,DET,BAL,Jared Goff,GoffJa00,3.0,0.061,,,8.0,0.163,5.0,10.0,2.0,2.0,9.0,0.155,,,
229,2023_07_LV_CHI,202310220chi,2023,7,REG,CHI,LV,Tyson Bagent,BageTy00,3.0,0.107,,,2.0,0.071,1.0,7.0,0.0,1.0,2.0,0.063,,,
230,2023_07_LV_CHI,202310220chi,2023,7,REG,LV,CHI,Brian Hoyer,HoyeBr00,1.0,0.031,,,7.0,0.219,1.0,10.0,1.0,1.0,3.0,0.091,,,
231,2023_07_LV_CHI,202310220chi,2023,7,REG,LV,CHI,Aidan O'Connell,OConAi00,0.0,0.0,,,2.0,0.154,0.0,3.0,0.0,0.0,0.0,0.0,,,
232,2023_07_CLE_IND,202310220clt,2023,7,REG,IND,CLE,Gardner Minshew II,MinsGa00,1.0,0.045,,,3.0,0.136,4.0,12.0,3.0,1.0,8.0,0.276,,,
233,2023_07_CLE_IND,202310220clt,2023,7,REG,CLE,IND,P.J. Walker,WalkPh00,4.0,0.133,,,5.0,0.167,2.0,9.0,2.0,5.0,9.0,0.257,,,
234,2023_07_CLE_IND,202310220clt,2023,7,REG,CLE,IND,Deshaun Watson,WatsDe00,0.0,0.0,,,2.0,0.4,0.0,1.0,2.0,1.0,3.0,0.6,,,
235,2023_07_BUF_NE,202310220nwe,2023,7,REG,NE,BUF,Mac Jones,JoneMa05,0.0,0.0,,,4.0,0.133,1.0,10.0,1.0,3.0,5.0,0.156,,,
236,2023_07_BUF_NE,202310220nwe,2023,7,REG,BUF,NE,Josh Allen,AlleJo02,1.0,0.026,,,9.0,0.231,1.0,16.0,8.0,5.0,14.0,0.311,,,
237,2023_07_WAS_NYG,202310220nyg,2023,7,REG,NYG,WAS,Tyrod Taylor,TaylTy00,0.0,0.0,,,5.0,0.179,4.0,14.0,4.0,0.0,8.0,0.222,,,
238,2023_07_WAS_NYG,202310220nyg,2023,7,REG,WAS,NYG,Sam Howell,HoweSa00,2.0,0.054,,,7.0,0.189,6.0,27.0,4.0,4.0,14.0,0.286,,,
239,2023_07_ATL_TB,202310220tam,2023,7,REG,TB,ATL,Baker Mayfield,MayfBa00,2.0,0.049,,,5.0,0.122,3.0,10.0,3.0,3.0,9.0,0.196,,,
240,2023_07_ATL_TB,202310220tam,2023,7,REG,ATL,TB,Desmond Ridder,RiddDe00,0.0,0.0,,,1.0,0.043,1.0,7.0,3.0,0.0,4.0,0.143,,,
241,2023_07_PIT_LA,202310220ram,2023,7,REG,LA,PIT,Matthew Stafford,StafMa00,4.0,0.148,,,7.0,0.259,2.0,15.0,3.0,2.0,7.0,0.219,,,
242,2023_07_PIT_LA,202310220ram,2023,7,REG,PIT,LA,Kenny Pickett,PickKe00,2.0,0.087,,,2.0,0.087,2.0,10.0,1.0,5.0,8.0,0.286,,,
243,2023_07_ARI_SEA,202310220sea,2023,7,REG,SEA,ARI,Geno Smith,SmitGe00,3.0,0.125,,,0.0,0.0,2.0,6.0,1.0,0.0,3.0,0.107,,,
244,2023_07_ARI_SEA,202310220sea,2023,7,REG,ARI,SEA,Joshua Dobbs,DobbJo00,2.0,0.061,,,6.0,0.182,4.0,5.0,0.0,3.0,7.0,0.184,,,
245,2023_07_ARI_SEA,202310220sea,2023,7,REG,ARI,SEA,Clayton Tune,TuneCl00,0.0,0.0,,,0.0,0.0,0.0,0.0,0.0,0.0,0.0,0.0,,,
246,2023_07_GB_DEN,202310220den,2023,7,REG,DEN,GB,Russell Wilson,WilsRu00,2.0,0.083,,,2.0,0.083,1.0,10.0,4.0,2.0,7.0,0.226,,,
247,2023_07_GB_DEN,202310220den,2023,7,REG,GB,DEN,Jordan Love,LoveJo03,1.0,0.032,,,4.0,0.129,0.0,14.0,1.0,3.0,4.0,0.121,,,
248,2023_07_GB_DEN,202310220den,2023,7,REG,GB,DEN,Dontayvion Wicks,WickDo00,0.0,0.0,,,0.0,0.0,0.0,0.0,0.0,0.0,0.0,0.0,,,
249,2023_07_LAC_KC,202310220kan,2023,7,REG,KC,LAC,Patrick Mahomes,MahoPa00,3.0,0.073,,,3.0,0.073,1.0,14.0,0.0,3.0,4.0,0.089,,,
250,2023_07_LAC_KC,202310220kan,2023,7,REG,LAC,KC,Justin Herbert,HerbJu00,1.0,0.033,,,7.0,0.233,5.0,9.0,0.0,3.0,8.0,0.222,,,
251,2023_07_MIA_PHI,202310220phi,2023,7,REG,PHI,MIA,Jalen Hurts,HurtJa00,1.0,0.033,,,2.0,0.067,3.0,11.0,1.0,2.0,6.0,0.167,,,
252,2023_07_MIA_PHI,202310220phi,2023,7,REG,MIA,PHI,Tua Tagovailoa,TagoTu00,2.0,0.063,,,5.0,0.156,3.0,7.0,2.0,0.0,5.0,0.143,,,
253,2023_07_SF_MIN,202310230min,2023,7,REG,MIN,SF,Kirk Cousins,CousKi00,1.0,0.023,,,3.0,0.068,0.0,12.0,5.0,6.0,11.0,0.244,,,
254,2023_07_SF_MIN,202310230min,2023,7,REG,SF,MIN,Brock Purdy,PurdBr00,0.0,0.0,,,6.0,0.207,1.0,13.0,5.0,2.0,8.0,0.242,,,
255,2023_08_TB_BUF,202310260buf,2023,8,REG,BUF,TB,Josh Allen,AlleJo02,0.0,0.0,,,4.0,0.103,2.0,12.0,3.0,1.0,6.0,0.133,,,
256,2023_08_TB_BUF,202310260buf,2023,8,REG,TB,BUF,Baker Mayfield,MayfBa00,2.0,0.05,,,4.0,0.1,3.0,11.0,1.0,7.0,11.0,0.229,,,
257,2023_08_HOU_CAR,202310290car,2023,8,REG,CAR,HOU,Bryce Young,YounBr01,5.0,0.161,,,2.0,0.065,6.0,13.0,3.0,2.0,11.0,0.275,,,
258,2023_08_HOU_CAR,202310290car,2023,8,REG,HOU,CAR,C.J. Stroud,StroCJ00,0.0,0.0,,,4.0,0.167,2.0,5.0,1.0,1.0,4.0,0.148,,,
259,2023_08_LA_DAL,202310290dal,2023,8,REG,DAL,LA,Dak Prescott,PresDa01,0.0,0.0,,,1.0,0.032,3.0,11.0,0.0,0.0,3.0,0.079,,,
260,2023_08_LA_DAL,202310290dal,2023,8,REG,DAL,LA,Cooper Rush,RushCo00,0.0,0.0,,,1.0,0.333,0.0,2.0,0.0,0.0,0.0,0.0,,,
261,2023_08_LA_DAL,202310290dal,2023,8,REG,LA,DAL,Matthew Stafford,StafMa00,0.0,0.0,,,5.0,0.227,1.0,7.0,0.0,2.0,3.0,0.125,,,
262,2023_08_LA_DAL,202310290dal,2023,8,REG,LA,DAL,Brett Rypien,RypiBr00,1.0,0.1,,,3.0,0.3,1.0,3.0,0.0,1.0,2.0,0.182,,,
263,2023_08_MIN_GB,202310290gnb,2023,8,REG,GB,MIN,Jordan Love,LoveJo03,3.0,0.075,,,6.0,0.15,4.0,16.0,0.0,2.0,6.0,0.122,,,
264,2023_08_MIN_GB,202310290gnb,2023,8,REG,MIN,GB,Kirk Cousins,CousKi00,2.0,0.065,,,1.0,0.032,2.0,14.0,0.0,4.0,6.0,0.176,,,
265,2023_08_MIN_GB,202310290gnb,2023,8,REG,MIN,GB,Jaren Hall,HallJa00,0.0,0.0,,,1.0,0.25,1.0,1.0,0.0,1.0,2.0,0.4,,,
266,2023_08_NO_IND,202310290clt,2023,8,REG,IND,NO,Gardner Minshew II,MinsGa00,2.0,0.053,,,6.0,0.158,2.0,12.0,7.0,5.0,14.0,0.318,,,
267,2023_08_NO_IND,202310290clt,2023,8,REG,NO,IND,Derek Carr,CarrDe02,4.0,0.148,,,3.0,0.111,1.0,6.0,0.0,1.0,2.0,0.071,,,
268,2023_08_NO_IND,202310290clt,2023,8,REG,NO,IND,Taysom Hill,HillTa00,0.0,0.0,,,1.0,0.5,0.0,1.0,0.0,0.0,0.0,0.0,,,
269,2023_08_NE_MIA,202310290mia,2023,8,REG,MIA,NE,Tua Tagovailoa,TagoTu00,3.0,0.068,,,6.0,0.136,2.0,14.0,5.0,0.0,7.0,0.143,,,
270,2023_08_NE_MIA,202310290mia,2023,8,REG,NE,MIA,Mac Jones,JoneMa05,1.0,0.036,,,5.0,0.179,3.0,5.0,2.0,4.0,9.0,0.281,,,
271,2023_08_NYJ_NYG,202310290nyg,2023,8,REG,NYG,NYJ,Tommy DeVito,DeViTo00,0.0,0.0,,,1.0,0.167,2.0,2.0,1.0,1.0,4.0,0.364,,,
272,2023_08_NYJ_NYG,202310290nyg,2023,8,REG,NYG,NYJ,Tyrod Taylor,TaylTy00,1.0,0.167,,,0.0,0.0,2.0,2.0,2.0,2.0,6.0,0.429,,,
273,2023_08_NYJ_NYG,202310290nyg,2023,8,REG,NYJ,NYG,Zach Wilson,WilsZa00,2.0,0.059,,,8.0,0.235,4.0,22.0,8.0,5.0,17.0,0.395,,,
274,2023_08_JAX_PIT,202310290pit,2023,8,REG,PIT,JAX,Mitchell Trubisky,TrubMi00,2.0,0.077,,,4.0,0.154,2.0,3.0,1.0,2.0,5.0,0.156,,,
275,2023_08_JAX_PIT,202310290pit,2023,8,REG,PIT,JAX,Kenny Pickett,PickKe00,1.0,0.067,,,2.0,0.133,1.0,3.0,1.0,4.0,6.0,0.333,,,
276,2023_08_JAX_PIT,202310290pit,2023,8,REG,JAX,PIT,Trevor Lawrence,LawrTr00,2.0,0.063,,,4.0,0.125,3.0,16.0,2.0,2.0,7.0,0.194,,,
277,2023_08_ATL_TEN,202310290oti,2023,8,REG,TEN,ATL,Will Levis,LeviWi00,1.0,0.037,,,4.0,0.148,2.0,12.0,0.0,9.0,11.0,0.344,,,
278,2023_08_ATL_TEN,202310290oti,2023,8,REG,ATL,TEN,Taylor Heinicke,HeinTa00,1.0,0.05,,,5.0,0.25,1.0,6.0,1.0,3.0,5.0,0.208,,,
279,2023_08_ATL_TEN,202310290oti,2023,8,REG,ATL,TEN,Desmond Ridder,RiddDe00,0.0,0.0,,,2.0,0.167,5.0,2.0,0.0,1.0,6.0,0.333,,,
280,2023_08_ATL_TEN,202310290oti,2023,8,REG,ATL,TEN,Jonnu Smith,SmitJo01,0.0,0.0,,,1.0,1.0,0.0,0.0,0.0,0.0,0.0,0.0,,,
281,2023_08_PHI_WAS,202310290was,2023,8,REG,WAS,PHI,Sam Howell,HoweSa00,4.0,0.078,,,4.0,0.078,1.0,14.0,1.0,5.0,7.0,0.127,,,
282,2023_08_PHI_WAS,202310290was,2023,8,REG,PHI,WAS,Jalen Hurts,HurtJa00,0.0,0.0,,,3.0,0.086,2.0,9.0,2.0,2.0,6.0,0.146,,,
283,2023_08_CLE_SEA,202310290sea,2023,8,REG,SEA,CLE,Geno Smith,SmitGe00,0.0,0.0,,,9.0,0.25,1.0,10.0,4.0,3.0,8.0,0.211,,,
284,2023_08_CLE_SEA,202310290sea,2023,8,REG,CLE,SEA,P.J. Walker,WalkPh00,1.0,0.033,,,10.0,0.333,3.0,8.0,1.0,8.0,12.0,0.333,,,
285,2023_08_CLE_SEA,202310290sea,2023,8,REG,CLE,SEA,Dorian Thompson-Robinson,ThomDo02,0.0,0.0,,,0.0,0.0,0.0,0.0,0.0,0.0,0.0,0.0,,,
286,2023_08_BAL_ARI,202310290crd,2023,8,REG,ARI,BAL,Joshua Dobbs,DobbJo00,0.0,0.0,,,8.0,0.222,2.0,6.0,1.0,5.0,8.0,0.195,,,
287,2023_08_BAL_ARI,202310290crd,2023,8,REG,BAL,ARI,Lamar Jackson,JackLa00,0.0,0.0,,,4.0,0.154,4.0,8.0,5.0,1.0,10.0,0.313,,,
288,2023_08_KC_DEN,202310290den,2023,8,REG,DEN,KC,Russell Wilson,WilsRu00,1.0,0.056,,,4.0,0.222,6.0,5.0,0.0,1.0,7.0,0.226,,,
289,2023_08_KC_DEN,202310290den,2023,8,REG,KC,DEN,Patrick Mahomes,MahoPa00,5.0,0.135,,,5.0,0.135,3.0,9.0,0.0,5.0,8.0,0.182,,,
290,2023_08_CIN_SF,202310290sfo,2023,8,REG,SF,CIN,Brock Purdy,PurdBr00,2.0,0.067,,,5.0,0.167,2.0,3.0,0.0,5.0,7.0,0.179,,,
291,2023_08_CIN_SF,202310290sfo,2023,8,REG,CIN,SF,Joe Burrow,BurrJo01,2.0,0.063,,,0.0,0.0,3.0,3.0,0.0,3.0,6.0,0.158,,,
292,2023_08_CHI_LAC,202310290sdg,2023,8,REG,LAC,CHI,Justin Herbert,HerbJu00,1.0,0.026,,,3.0,0.079,0.0,14.0,5.0,2.0,7.0,0.171,,,
293,2023_08_CHI_LAC,202310290sdg,2023,8,REG,CHI,LAC,Tyson Bagent,BageTy00,2.0,0.054,,,6.0,0.162,1.0,8.0,9.0,1.0,11.0,0.289,,,
294,2023_08_LV_DET,202310300det,2023,8,REG,DET,LV,Jared Goff,GoffJa00,3.0,0.088,,,3.0,0.088,0.0,6.0,8.0,4.0,12.0,0.324,,,
295,2023_08_LV_DET,202310300det,2023,8,REG,LV,DET,Jimmy Garoppolo,GaroJi00,3.0,0.143,,,6.0,0.286,6.0,10.0,3.0,3.0,12.0,0.429,,,
296,2023_09_TEN_PIT,202311020pit,2023,9,REG,PIT,TEN,Kenny Pickett,PickKe00,2.0,0.069,,,5.0,0.172,0.0,6.0,3.0,2.0,5.0,0.167,,,
297,2023_09_TEN_PIT,202311020pit,2023,9,REG,TEN,PIT,Will Levis,LeviWi00,1.0,0.027,,,7.0,0.189,4.0,15.0,4.0,7.0,15.0,0.341,,,
298,2023_09_MIA_KC,202311050kan,2023,9,REG,KC,MIA,Patrick Mahomes,MahoPa00,1.0,0.033,,,6.0,0.2,2.0,10.0,5.0,3.0,10.0,0.286,,,
299,2023_09_MIA_KC,202311050kan,2023,9,REG,MIA,KC,Tua Tagovailoa,TagoTu00,3.0,0.088,,,10.0,0.294,3.0,14.0,4.0,3.0,10.0,0.263,,,
300,2023_09_MIN_ATL,202311050atl,2023,9,REG,ATL,MIN,Taylor Heinicke,HeinTa00,2.0,0.056,,,9.0,0.25,1.0,17.0,2.0,2.0,5.0,0.119,,,
301,2023_09_MIN_ATL,202311050atl,2023,9,REG,MIN,ATL,Joshua Dobbs,DobbJo00,1.0,0.034,,,2.0,0.069,3.0,4.0,2.0,1.0,6.0,0.158,,,
302,2023_09_MIN_ATL,202311050atl,2023,9,REG,MIN,ATL,Jaren Hall,HallJa00,0.0,0.0,,,1.0,0.167,0.0,2.0,1.0,0.0,1.0,0.125,,,
303,2023_09_SEA_BAL,202311050rav,2023,9,REG,BAL,SEA,Lamar Jackson,JackLa00,1.0,0.04,,,2.0,0.08,1.0,8.0,0.0,0.0,1.0,0.032,,,
304,2023_09_SEA_BAL,202311050rav,2023,9,REG,BAL,SEA,Tyler Huntley,HuntTy01,0.0,0.0,,,1.0,0.143,0.0,1.0,0.0,0.0,0.0,0.0,,,
305,2023_09_SEA_BAL,202311050rav,2023,9,REG,SEA,BAL,Geno Smith,SmitGe00,1.0,0.04,,,4.0,0.16,4.0,6.0,0.0,1.0,5.0,0.152,,,
306,2023_09_ARI_CLE,202311050cle,2023,9,REG,CLE,ARI,Deshaun Watson,WatsDe00,3.0,0.107,,,5.0,0.179,1.0,6.0,0.0,3.0,4.0,0.118,,,
307,2023_09_ARI_CLE,202311050cle,2023,9,REG,ARI,CLE,Clayton Tune,TuneCl00,1.0,0.05,,,2.0,0.1,7.0,4.0,1.0,3.0,11.0,0.344,,,
308,2023_09_LA_GB,202311050gnb,2023,9,REG,GB,LA,Jordan Love,LoveJo03,2.0,0.08,,,2.0,0.08,4.0,8.0,1.0,2.0,7.0,0.226,,,
309,2023_09_LA_GB,202311050gnb,2023,9,REG,LA,GB,Brett Rypien,RypiBr00,1.0,0.037,,,3.0,0.111,1.0,5.0,2.0,3.0,6.0,0.188,,,
310,2023_09_TB_HOU,202311050htx,2023,9,REG,HOU,TB,C.J. Stroud,StroCJ00,2.0,0.053,,,5.0,0.132,3.0,12.0,6.0,5.0,14.0,0.311,,,
311,2023_09_TB_HOU,202311050htx,2023,9,REG,TB,HOU,Baker Mayfield,MayfBa00,0.0,0.0,,,6.0,0.2,2.0,5.0,7.0,3.0,12.0,0.353,,,
312,2023_09_WAS_NE,202311050nwe,2023,9,REG,NE,WAS,Mac Jones,JoneMa05,3.0,0.07,,,7.0,0.163,0.0,6.0,1.0,1.0,2.0,0.043,,,
313,2023_09_WAS_NE,202311050nwe,2023,9,REG,WAS,NE,Sam Howell,HoweSa00,2.0,0.045,,,8.0,0.182,3.0,12.0,5.0,3.0,11.0,0.216,,,
314,2023_09_CHI_NO,202311050nor,2023,9,REG,NO,CHI,Derek Carr,CarrDe02,1.0,0.032,,,3.0,0.097,0.0,6.0,0.0,2.0,2.0,0.057,,,
315,2023_09_CHI_NO,202311050nor,2023,9,REG,NO,CHI,Taysom Hill,HillTa00,0.0,0.0,,,0.0,0.0,0.0,1.0,0.0,0.0,0.0,0.0,,,
316,2023_09_CHI_NO,202311050nor,2023,9,REG,CHI,NO,Tyson Bagent,BageTy00,0.0,0.0,,,3.0,0.115,2.0,9.0,1.0,3.0,6.0,0.162,,,
317,2023_09_IND_CAR,202311050car,2023,9,REG,CAR,IND,Bryce Young,YounBr01,1.0,0.026,,,7.0,0.184,4.0,4.0,1.0,2.0,7.0,0.146,,,
318,2023_09_IND_CAR,202311050car,2023,9,REG,IND,CAR,Gardner Minshew II,MinsGa00,0.0,0.0,,,4.0,0.167,1.0,8.0,1.0,2.0,4.0,0.143,,,
319,2023_09_NYG_LV,202311050rai,2023,9,REG,LV,NYG,Aidan O'Connell,OConAi00,1.0,0.042,,,3.0,0.125,0.0,11.0,0.0,1.0,1.0,0.04,,,
320,2023_09_NYG_LV,202311050rai,2023,9,REG,NYG,LV,Tommy DeVito,DeViTo00,1.0,0.05,,,2.0,0.1,6.0,6.0,0.0,1.0,7.0,0.233,,,
321,2023_09_NYG_LV,202311050rai,2023,9,REG,NYG,LV,Daniel Jones,JoneDa05,0.0,0.0,,,4.0,0.444,2.0,7.0,0.0,0.0,2.0,0.167,,,
322,2023_09_DAL_PHI,202311050phi,2023,9,REG,PHI,DAL,Jalen Hurts,HurtJa00,0.0,0.0,,,3.0,0.143,3.0,8.0,4.0,1.0,8.0,0.25,,,
323,2023_09_DAL_PHI,202311050phi,2023,9,REG,DAL,PHI,Dak Prescott,PresDa01,4.0,0.091,,,9.0,0.205,5.0,6.0,5.0,4.0,14.0,0.264,,,
324,2023_09_BUF_CIN,202311050cin,2023,9,REG,CIN,BUF,Joe Burrow,BurrJo01,4.0,0.095,,,4.0,0.095,1.0,13.0,0.0,5.0,6.0,0.13,,,
325,2023_09_BUF_CIN,202311050cin,2023,9,REG,BUF,CIN,Josh Allen,AlleJo02,0.0,0.0,,,8.0,0.229,1.0,3.0,0.0,4.0,5.0,0.114,,,
326,2023_09_LAC_NYJ,202311060nyj,2023,9,REG,NYJ,LAC,Zach Wilson,WilsZa00,3.0,0.063,,,5.0,0.104,8.0,8.0,2.0,2.0,12.0,0.207,,,
327,2023_09_LAC_NYJ,202311060nyj,2023,9,REG,LAC,NYJ,Justin Herbert,HerbJu00,3.0,0.107,,,4.0,0.143,5.0,4.0,3.0,7.0,15.0,0.405,,,
328,2023_10_CAR_CHI,202311090chi,2023,10,REG,CHI,CAR,Tyson Bagent,BageTy00,1.0,0.031,,,6.0,0.188,0.0,12.0,0.0,4.0,4.0,0.108,,,
329,2023_10_CAR_CHI,202311090chi,2023,10,REG,CAR,CHI,Bryce Young,YounBr01,2.0,0.059,,,8.0,0.235,3.0,10.0,2.0,6.0,11.0,0.25,,,
330,2023_10_IND_NE,202311120nwe,2023,10,REG,NE,IND,Mac Jones,JoneMa05,1.0,0.05,,,3.0,0.15,5.0,4.0,1.0,4.0,10.0,0.37,,,
331,2023_10_IND_NE,202311120nwe,2023,10,REG,NE,IND,Bailey Zappe,ZappBa00,0.0,0.0,,,3.0,0.5,0.0,0.0,1.0,0.0,1.0,0.143,,,
332,2023_10_IND_NE,202311120nwe,2023,10,REG,IND,NE,Gardner Minshew II,MinsGa00,0.0,0.0,,,5.0,0.192,0.0,7.0,4.0,1.0,5.0,0.179,,,
333,2023_10_CLE_BAL,202311120rav,2023,10,REG,BAL,CLE,Lamar Jackson,JackLa00,2.0,0.087,,,3.0,0.13,3.0,9.0,2.0,1.0,6.0,0.2,,,
334,2023_10_CLE_BAL,202311120rav,2023,10,REG,CLE,BAL,Deshaun Watson,WatsDe00,2.0,0.063,,,9.0,0.281,4.0,8.0,3.0,5.0,12.0,0.267,,,
335,2023_10_CLE_BAL,202311120rav,2023,10,REG,CLE,BAL,P.J. Walker,WalkPh00,0.0,0.0,,,0.0,0.0,0.0,0.0,0.0,0.0,0.0,0.0,,,
336,2023_10_HOU_CIN,202311120cin,2023,10,REG,CIN,HOU,Joe Burrow,BurrJo01,3.0,0.077,,,8.0,0.205,4.0,8.0,6.0,4.0,14.0,0.298,,,
337,2023_10_HOU_CIN,202311120cin,2023,10,REG,HOU,CIN,C.J. Stroud,StroCJ00,2.0,0.051,,,7.0,0.179,1.0,12.0,7.0,4.0,12.0,0.293,,,
338,2023_10_SF_JAX,202311120jax,2023,10,REG,JAX,SF,Trevor Lawrence,LawrTr00,0.0,0.0,,,7.0,0.25,5.0,4.0,0.0,4.0,9.0,0.25,,,
339,2023_10_SF_JAX,202311120jax,2023,10,REG,JAX,SF,C.J. Beathard,BeatC.00,1.0,0.5,,,0.0,0.0,0.0,0.0,0.0,0.0,0.0,0.0,,,
340,2023_10_SF_JAX,202311120jax,2023,10,REG,JAX,SF,Christian Kirk,KirkCh01,0.0,0.0,,,1.0,1.0,0.0,0.0,0.0,0.0,0.0,0.0,,,
341,2023_10_SF_JAX,202311120jax,2023,10,REG,SF,JAX,Brock Purdy,PurdBr00,0.0,0.0,,,3.0,0.12,2.0,6.0,1.0,5.0,8.0,0.286,,,
342,2023_10_SF_JAX,202311120jax,2023,10,REG,SF,JAX,Sam Darnold,DarnSa00,0.0,0.0,,,0.0,0.0,0.0,0.0,0.0,0.0,0.0,0.0,,,
343,2023_10_NO_MIN,202311120min,2023,10,REG,MIN,NO,Joshua Dobbs,DobbJo00,2.0,0.063,,,2.0,0.063,1.0,9.0,3.0,3.0,7.0,0.171,,,
344,2023_10_NO_MIN,202311120min,2023,10,REG,NO,MIN,Jameis Winston,WinsJa00,2.0,0.083,,,4.0,0.167,1.0,9.0,1.0,1.0,3.0,0.115,,,
345,2023_10_NO_MIN,202311120min,2023,10,REG,NO,MIN,Derek Carr,CarrDe02,1.0,0.059,,,2.0,0.118,2.0,6.0,0.0,3.0,5.0,0.238,,,
346,2023_10_GB_PIT,202311120pit,2023,10,REG,PIT,GB,Kenny Pickett,PickKe00,1.0,0.045,,,2.0,0.091,1.0,3.0,0.0,3.0,4.0,0.154,,,
347,2023_10_GB_PIT,202311120pit,2023,10,REG,GB,PIT,Jordan Love,LoveJo03,3.0,0.081,,,7.0,0.189,1.0,14.0,1.0,3.0,5.0,0.116,,,
348,2023_10_TEN_TB,202311120tam,2023,10,REG,TB,TEN,Baker Mayfield,MayfBa00,2.0,0.069,,,6.0,0.207,3.0,10.0,0.0,2.0,5.0,0.147,,,
349,2023_10_TEN_TB,202311120tam,2023,10,REG,TEN,TB,Will Levis,LeviWi00,4.0,0.105,,,8.0,0.211,4.0,25.0,0.0,9.0,13.0,0.302,,,
350,2023_10_ATL_ARI,202311120crd,2023,10,REG,ARI,ATL,Kyler Murray,MurrKy00,2.0,0.065,,,5.0,0.161,2.0,12.0,2.0,0.0,4.0,0.105,,,
351,2023_10_ATL_ARI,202311120crd,2023,10,REG,ATL,ARI,Taylor Heinicke,HeinTa00,1.0,0.083,,,1.0,0.083,3.0,4.0,2.0,1.0,6.0,0.286,,,
352,2023_10_ATL_ARI,202311120crd,2023,10,REG,ATL,ARI,Desmond Ridder,RiddDe00,0.0,0.0,,,2.0,0.333,0.0,0.0,0.0,1.0,1.0,0.167,,,
353,2023_10_DET_LAC,202311120sdg,2023,10,REG,LAC,DET,Justin Herbert,HerbJu00,1.0,0.025,,,8.0,0.2,0.0,14.0,3.0,5.0,8.0,0.195,,,
354,2023_10_DET_LAC,202311120sdg,2023,10,REG,DET,LAC,Jared Goff,GoffJa00,4.0,0.125,,,3.0,0.094,0.0,12.0,0.0,2.0,2.0,0.061,,,
355,2023_10_NYG_DAL,202311120dal,2023,10,REG,DAL,NYG,Dak Prescott,PresDa01,1.0,0.029,,,6.0,0.171,0.0,11.0,1.0,4.0,5.0,0.135,,,
356,2023_10_NYG_DAL,202311120dal,2023,10,REG,DAL,NYG,Cooper Rush,RushCo00,0.0,0.0,,,2.0,0.222,0.0,6.0,0.0,0.0,0.0,0.0,,,
357,2023_10_NYG_DAL,202311120dal,2023,10,REG,NYG,DAL,Tommy DeVito,DeViTo00,0.0,0.0,,,7.0,0.269,5.0,15.0,2.0,2.0,9.0,0.237,,,
358,2023_10_WAS_SEA,202311120sea,2023,10,REG,SEA,WAS,Geno Smith,SmitGe00,1.0,0.024,,,4.0,0.095,1.0,15.0,5.0,4.0,10.0,0.204,,,
359,2023_10_WAS_SEA,202311120sea,2023,10,REG,WAS,SEA,Sam Howell,HoweSa00,1.0,0.024,,,5.0,0.119,3.0,13.0,11.0,2.0,16.0,0.34,,,
360,2023_10_NYJ_LV,202311120rai,2023,10,REG,LV,NYJ,Aidan O'Connell,OConAi00,1.0,0.04,,,5.0,0.2,3.0,5.0,0.0,3.0,6.0,0.2,,,
361,2023_10_NYJ_LV,202311120rai,2023,10,REG,NYJ,LV,Zach Wilson,WilsZa00,2.0,0.054,,,7.0,0.189,2.0,3.0,0.0,4.0,6.0,0.133,,,
362,2023_10_NYJ_LV,202311120rai,2023,10,REG,NYJ,LV,Garrett Wilson,WilsGa00,0.0,0.0,,,1.0,1.0,0.0,0.0,0.0,0.0,0.0,0.0,,,
363,2023_10_DEN_BUF,202311130buf,2023,10,REG,BUF,DEN,Josh Allen,AlleJo02,4.0,0.16,,,3.0,0.12,0.0,6.0,1.0,3.0,4.0,0.148,,,
364,2023_10_DEN_BUF,202311130buf,2023,10,REG,DEN,BUF,Russell Wilson,WilsRu00,2.0,0.069,,,3.0,0.103,4.0,9.0,4.0,3.0,11.0,0.297,,,
365,2023_11_CIN_BAL,202311160rav,2023,11,REG,BAL,CIN,Lamar Jackson,JackLa00,0.0,0.0,,,5.0,0.217,3.0,2.0,0.0,2.0,5.0,0.156,,,
366,2023_11_CIN_BAL,202311160rav,2023,11,REG,CIN,BAL,Joe Burrow,BurrJo01,0.0,0.0,,,3.0,0.176,2.0,0.0,0.0,2.0,4.0,0.2,,,
367,2023_11_CIN_BAL,202311160rav,2023,11,REG,CIN,BAL,Jake Browning,BrowJa08,1.0,0.071,,,1.0,0.071,3.0,2.0,1.0,0.0,4.0,0.19,,,
368,2023_11_DAL_CAR,202311190car,2023,11,REG,CAR,DAL,Bryce Young,YounBr01,1.0,0.036,,,10.0,0.357,7.0,14.0,0.0,3.0,10.0,0.27,,,
369,2023_11_DAL_CAR,202311190car,2023,11,REG,DAL,CAR,Dak Prescott,PresDa01,2.0,0.053,,,4.0,0.105,0.0,17.0,1.0,4.0,5.0,0.128,,,
370,2023_11_DAL_CAR,202311190car,2023,11,REG,DAL,CAR,Cooper Rush,RushCo00,0.0,0.0,,,1.0,0.333,0.0,0.0,0.0,0.0,0.0,0.0,,,
371,2023_11_PIT_CLE,202311190cle,2023,11,REG,CLE,PIT,Dorian Thompson-Robinson,ThomDo02,9.0,0.22,,,5.0,0.122,1.0,14.0,2.0,3.0,6.0,0.133,,,
372,2023_11_PIT_CLE,202311190cle,2023,11,REG,PIT,CLE,Kenny Pickett,PickKe00,0.0,0.0,,,6.0,0.24,3.0,13.0,7.0,1.0,11.0,0.333,,,
373,2023_11_CHI_DET,202311190det,2023,11,REG,DET,CHI,Jared Goff,GoffJa00,0.0,0.0,,,7.0,0.226,2.0,9.0,1.0,5.0,8.0,0.211,,,
374,2023_11_CHI_DET,202311190det,2023,11,REG,CHI,DET,Justin Fields,FielJu00,0.0,0.0,,,4.0,0.182,2.0,4.0,0.0,2.0,4.0,0.138,,,
375,2023_11_LAC_GB,202311190gnb,2023,11,REG,GB,LAC,Jordan Love,LoveJo03,1.0,0.026,,,6.0,0.158,3.0,23.0,6.0,4.0,13.0,0.295,,,
376,2023_11_LAC_GB,202311190gnb,2023,11,REG,LAC,GB,Justin Herbert,HerbJu00,4.0,0.111,,,6.0,0.167,2.0,8.0,4.0,3.0,9.0,0.205,,,
377,2023_11_ARI_HOU,202311190htx,2023,11,REG,HOU,ARI,C.J. Stroud,StroCJ00,1.0,0.027,,,5.0,0.135,3.0,6.0,1.0,1.0,5.0,0.125,,,
378,2023_11_ARI_HOU,202311190htx,2023,11,REG,HOU,ARI,Davis Mills,MillDa02,0.0,0.0,,,0.0,0.0,0.0,0.0,1.0,0.0,1.0,1.0,,,
379,2023_11_ARI_HOU,202311190htx,2023,11,REG,ARI,HOU,Kyler Murray,MurrKy00,1.0,0.033,,,2.0,0.067,3.0,11.0,1.0,4.0,8.0,0.216,,,
380,2023_11_TEN_JAX,202311190jax,2023,11,REG,JAX,TEN,Trevor Lawrence,LawrTr00,0.0,0.0,,,7.0,0.226,1.0,8.0,4.0,2.0,7.0,0.194,,,
381,2023_11_TEN_JAX,202311190jax,2023,11,REG,TEN,JAX,Will Levis,LeviWi00,0.0,0.0,,,1.0,0.059,2.0,9.0,1.0,1.0,4.0,0.2,,,
382,2023_11_LV_MIA,202311190mia,2023,11,REG,MIA,LV,Tua Tagovailoa,TagoTu00,1.0,0.028,,,4.0,0.111,1.0,4.0,2.0,2.0,5.0,0.122,,,
383,2023_11_LV_MIA,202311190mia,2023,11,REG,LV,MIA,Aidan O'Connell,OConAi00,2.0,0.051,,,7.0,0.179,2.0,5.0,1.0,4.0,7.0,0.163,,,
384,2023_11_NYG_WAS,202311190was,2023,11,REG,WAS,NYG,Sam Howell,HoweSa00,2.0,0.048,,,6.0,0.143,4.0,13.0,3.0,2.0,9.0,0.173,,,
385,2023_11_NYG_WAS,202311190was,2023,11,REG,NYG,WAS,Tommy DeVito,DeViTo00,0.0,0.0,,,3.0,0.115,9.0,15.0,1.0,0.0,10.0,0.278,,,
386,2023_11_TB_SF,202311190sfo,2023,11,REG,SF,TB,Brock Purdy,PurdBr00,0.0,0.0,,,4.0,0.16,4.0,13.0,0.0,2.0,6.0,0.2,,,
387,2023_11_TB_SF,202311190sfo,2023,11,REG,TB,SF,Baker Mayfield,MayfBa00,2.0,0.045,,,7.0,0.159,4.0,8.0,0.0,3.0,7.0,0.14,,,
388,2023_11_NYJ_BUF,202311190buf,2023,11,REG,BUF,NYJ,Josh Allen,AlleJo02,4.0,0.133,,,3.0,0.1,1.0,5.0,2.0,3.0,6.0,0.171,,,
389,2023_11_NYJ_BUF,202311190buf,2023,11,REG,NYJ,BUF,Zach Wilson,WilsZa00,2.0,0.154,,,1.0,0.077,5.0,4.0,1.0,0.0,6.0,0.261,,,
390,2023_11_NYJ_BUF,202311190buf,2023,11,REG,NYJ,BUF,Tim Boyle,BoylTi00,2.0,0.143,,,3.0,0.214,1.0,1.0,1.0,1.0,3.0,0.2,,,
391,2023_11_NYJ_BUF,202311190buf,2023,11,REG,NYJ,BUF,Thomas Morstead,MorsTh00,0.0,0.0,,,0.0,0.0,0.0,1.0,0.0,0.0,0.0,0.0,,,
392,2023_11_SEA_LA,202311190ram,2023,11,REG,LA,SEA,Matthew Stafford,StafMa00,4.0,0.138,,,3.0,0.103,1.0,6.0,6.0,2.0,9.0,0.273,,,
393,2023_11_SEA_LA,202311190ram,2023,11,REG,SEA,LA,Geno Smith,SmitGe00,2.0,0.063,,,3.0,0.094,2.0,11.0,2.0,5.0,9.0,0.25,,,
394,2023_11_SEA_LA,202311190ram,2023,11,REG,SEA,LA,Drew Lock,LockDr00,0.0,0.0,,,3.0,0.5,0.0,3.0,0.0,0.0,0.0,0.0,,,
395,2023_11_MIN_DEN,202311190den,2023,11,REG,DEN,MIN,Russell Wilson,WilsRu00,0.0,0.0,,,3.0,0.094,2.0,11.0,0.0,5.0,7.0,0.189,,,
396,2023_11_MIN_DEN,202311190den,2023,11,REG,MIN,DEN,Joshua Dobbs,DobbJo00,1.0,0.032,,,4.0,0.129,2.0,16.0,0.0,8.0,10.0,0.263,,,
397,2023_11_PHI_KC,202311200kan,2023,11,REG,KC,PHI,Patrick Mahomes,MahoPa00,3.0,0.077,,,8.0,0.205,1.0,10.0,9.0,7.0,17.0,0.34,,,
398,2023_11_PHI_KC,202311200kan,2023,11,REG,PHI,KC,Jalen Hurts,HurtJa00,0.0,0.0,,,5.0,0.238,5.0,12.0,6.0,0.0,11.0,0.393,,,
399,2023_12_GB_DET,202311230det,2023,12,REG,DET,GB,Jared Goff,GoffJa00,0.0,0.0,,,0.0,0.0,3.0,0.0,0.0,0.0,3.0,0.06,,,
400,2023_12_GB_DET,202311230det,2023,12,REG,GB,DET,Jordan Love,LoveJo03,0.0,0.0,,,0.0,0.0,0.0,0.0,0.0,0.0,0.0,0.0,,,
401,2023_12_WAS_DAL,202311230dal,2023,12,REG,DAL,WAS,Dak Prescott,PresDa01,0.0,0.0,,,0.0,0.0,0.0,0.0,0.0,0.0,0.0,0.0,,,
402,2023_12_WAS_DAL,202311230dal,2023,12,REG,WAS,DAL,Sam Howell,HoweSa00,0.0,0.0,,,0.0,0.0,4.0,0.0,0.0,0.0,4.0,0.082,,,
403,2023_12_SF_SEA,202311230sea,2023,12,REG,SEA,SF,Geno Smith,SmitGe00,0.0,0.0,,,0.0,0.0,6.0,0.0,0.0,0.0,6.0,0.171,,,
404,2023_12_SF_SEA,202311230sea,2023,12,REG,SF,SEA,Brock Purdy,PurdBr00,0.0,0.0,,,0.0,0.0,1.0,0.0,0.0,0.0,1.0,0.031,,,
405,2023_12_SF_SEA,202311230sea,2023,12,REG,SF,SEA,Deebo Samuel,SamuDe00,0.0,0.0,,,0.0,0.0,0.0,0.0,0.0,0.0,0.0,0.0,,,
406,2023_12_MIA_NYJ,202311240nyj,2023,12,REG,NYJ,MIA,Tim Boyle,BoylTi00,0.0,0.0,,,0.0,0.0,7.0,0.0,0.0,0.0,7.0,0.156,,,
407,2023_12_MIA_NYJ,202311240nyj,2023,12,REG,MIA,NYJ,Tua Tagovailoa,TagoTu00,0.0,0.0,,,0.0,0.0,2.0,0.0,0.0,0.0,2.0,0.061,,,
408,2023_12_NO_ATL,202311260atl,2023,12,REG,ATL,NO,Desmond Ridder,RiddDe00,2.0,0.1,,,1.0,0.05,0.0,5.0,0.0,1.0,1.0,0.042,,,
409,2023_12_NO_ATL,202311260atl,2023,12,REG,NO,ATL,Derek Carr,CarrDe02,1.0,0.028,,,6.0,0.167,1.0,15.0,0.0,1.0,2.0,0.05,,,
410,2023_12_PIT_CIN,202311260cin,2023,12,REG,CIN,PIT,Jake Browning,BrowJa08,0.0,0.0,,,1.0,0.04,4.0,8.0,1.0,1.0,6.0,0.188,,,
411,2023_12_PIT_CIN,202311260cin,2023,12,REG,PIT,CIN,Kenny Pickett,PickKe00,0.0,0.0,,,5.0,0.156,2.0,9.0,1.0,2.0,5.0,0.135,,,
412,2023_12_JAX_HOU,202311260htx,2023,12,REG,HOU,JAX,C.J. Stroud,StroCJ00,0.0,0.0,,,8.0,0.222,4.0,10.0,2.0,2.0,8.0,0.174,,,
413,2023_12_JAX_HOU,202311260htx,2023,12,REG,JAX,HOU,Trevor Lawrence,LawrTr00,3.0,0.081,,,7.0,0.189,0.0,9.0,0.0,2.0,2.0,0.053,,,
414,2023_12_TB_IND,202311260clt,2023,12,REG,IND,TB,Gardner Minshew II,MinsGa00,4.0,0.1,,,6.0,0.15,2.0,15.0,1.0,1.0,4.0,0.089,,,
415,2023_12_TB_IND,202311260clt,2023,12,REG,TB,IND,Baker Mayfield,MayfBa00,3.0,0.103,,,1.0,0.034,6.0,5.0,2.0,1.0,9.0,0.243,,,
416,2023_12_TB_IND,202311260clt,2023,12,REG,TB,IND,Kyle Trask,TrasKy00,1.0,1.0,,,0.0,0.0,0.0,0.0,0.0,0.0,0.0,0.0,,,
417,2023_12_NE_NYG,202311260nyg,2023,12,REG,NYG,NE,Tommy DeVito,DeViTo00,3.0,0.125,,,0.0,0.0,6.0,8.0,3.0,0.0,9.0,0.273,,,
418,2023_12_NE_NYG,202311260nyg,2023,12,REG,NE,NYG,Mac Jones,JoneMa05,2.0,0.095,,,5.0,0.238,1.0,12.0,2.0,1.0,4.0,0.182,,,
419,2023_12_NE_NYG,202311260nyg,2023,12,REG,NE,NYG,Bailey Zappe,ZappBa00,1.0,0.071,,,1.0,0.071,1.0,7.0,2.0,0.0,3.0,0.2,,,
420,2023_12_CAR_TEN,202311260oti,2023,12,REG,TEN,CAR,Will Levis,LeviWi00,1.0,0.037,,,3.0,0.111,1.0,5.0,0.0,3.0,4.0,0.138,,,
421,2023_12_CAR_TEN,202311260oti,2023,12,REG,CAR,TEN,Bryce Young,YounBr01,1.0,0.042,,,4.0,0.167,4.0,4.0,5.0,2.0,11.0,0.289,,,
422,2023_12_LA_ARI,202311260crd,2023,12,REG,ARI,LA,Kyler Murray,MurrKy00,0.0,0.0,,,7.0,0.159,4.0,10.0,5.0,2.0,11.0,0.224,,,
423,2023_12_LA_ARI,202311260crd,2023,12,REG,LA,ARI,Matthew Stafford,StafMa00,0.0,0.0,,,5.0,0.161,0.0,6.0,2.0,3.0,5.0,0.147,,,
424,2023_12_CLE_DEN,202311260den,2023,12,REG,DEN,CLE,Russell Wilson,WilsRu00,3.0,0.143,,,3.0,0.143,1.0,10.0,4.0,3.0,8.0,0.32,,,
425,2023_12_CLE_DEN,202311260den,2023,12,REG,CLE,DEN,Dorian Thompson-Robinson,ThomDo02,2.0,0.077,,,7.0,0.269,0.0,14.0,5.0,2.0,7.0,0.226,,,
426,2023_12_CLE_DEN,202311260den,2023,12,REG,CLE,DEN,P.J. Walker,WalkPh00,1.0,0.077,,,5.0,0.385,4.0,4.0,0.0,1.0,5.0,0.294,,,
427,2023_12_KC_LV,202311260rai,2023,12,REG,LV,KC,Aidan O'Connell,OConAi00,2.0,0.063,,,5.0,0.156,1.0,11.0,0.0,3.0,4.0,0.118,,,
428,2023_12_KC_LV,202311260rai,2023,12,REG,LV,KC,Jakobi Meyers,MeyeJa01,0.0,0.0,,,0.0,0.0,0.0,1.0,0.0,0.0,0.0,0.0,,,
429,2023_12_KC_LV,202311260rai,2023,12,REG,KC,LV,Patrick Mahomes,MahoPa00,2.0,0.063,,,3.0,0.094,1.0,2.0,0.0,1.0,2.0,0.053,,,
430,2023_12_BUF_PHI,202311260phi,2023,12,REG,PHI,BUF,Jalen Hurts,HurtJa00,1.0,0.036,,,6.0,0.214,2.0,4.0,1.0,0.0,3.0,0.079,,,
431,2023_12_BUF_PHI,202311260phi,2023,12,REG,BUF,PHI,Josh Allen,AlleJo02,3.0,0.061,,,8.0,0.163,1.0,17.0,0.0,3.0,4.0,0.069,,,
432,2023_12_BAL_LAC,202311260sdg,2023,12,REG,LAC,BAL,Justin Herbert,HerbJu00,2.0,0.048,,,4.0,0.095,3.0,14.0,7.0,4.0,14.0,0.275,,,
433,2023_12_BAL_LAC,202311260sdg,2023,12,REG,BAL,LAC,Lamar Jackson,JackLa00,1.0,0.033,,,7.0,0.233,2.0,11.0,7.0,2.0,11.0,0.297,,,
434,2023_12_CHI_MIN,202311270min,2023,12,REG,MIN,CHI,Joshua Dobbs,DobbJo00,1.0,0.033,,,3.0,0.1,2.0,10.0,7.0,6.0,15.0,0.417,,,
435,2023_12_CHI_MIN,202311270min,2023,12,REG,CHI,MIN,Justin Fields,FielJu00,0.0,0.0,,,2.0,0.063,3.0,22.0,9.0,2.0,14.0,0.318,,,
436,2023_13_SEA_DAL,202311300dal,2023,13,REG,DAL,SEA,Dak Prescott,PresDa01,3.0,0.075,,,4.0,0.1,4.0,10.0,1.0,2.0,7.0,0.152,,,
437,2023_13_SEA_DAL,202311300dal,2023,13,REG,SEA,DAL,Geno Smith,SmitGe00,3.0,0.077,,,7.0,0.179,0.0,15.0,7.0,3.0,10.0,0.238,,,
438,2023_13_DEN_HOU,202312030htx,2023,13,REG,HOU,DEN,C.J. Stroud,StroCJ00,2.0,0.08,,,6.0,0.24,5.0,14.0,4.0,0.0,9.0,0.265,,,
439,2023_13_DEN_HOU,202312030htx,2023,13,REG,HOU,DEN,Davis Mills,MillDa02,0.0,0.0,,,0.0,0.0,0.0,0.0,0.0,0.0,0.0,0.0,,,
440,2023_13_DEN_HOU,202312030htx,2023,13,REG,DEN,HOU,Russell Wilson,WilsRu00,1.0,0.042,,,2.0,0.083,3.0,2.0,4.0,5.0,12.0,0.333,,,
441,2023_13_LAC_NE,202312030nwe,2023,13,REG,NE,LAC,Bailey Zappe,ZappBa00,2.0,0.083,,,6.0,0.25,5.0,16.0,2.0,1.0,8.0,0.242,,,
442,2023_13_LAC_NE,202312030nwe,2023,13,REG,LAC,NE,Justin Herbert,HerbJu00,4.0,0.111,,,4.0,0.111,0.0,14.0,1.0,1.0,2.0,0.053,,,
443,2023_13_DET_NO,202312030nor,2023,13,REG,NO,DET,Derek Carr,CarrDe02,2.0,0.091,,,1.0,0.045,2.0,5.0,1.0,5.0,8.0,0.333,,,
444,2023_13_DET_NO,202312030nor,2023,13,REG,NO,DET,Jameis Winston,WinsJa00,1.0,0.2,,,2.0,0.4,0.0,2.0,0.0,0.0,0.0,0.0,,,
445,2023_13_DET_NO,202312030nor,2023,13,REG,NO,DET,Taysom Hill,HillTa00,0.0,0.0,,,1.0,0.5,0.0,2.0,0.0,0.0,0.0,0.0,,,
446,2023_13_DET_NO,202312030nor,2023,13,REG,DET,NO,Jared Goff,GoffJa00,3.0,0.12,,,4.0,0.16,1.0,5.0,3.0,3.0,7.0,0.269,,,
447,2023_13_ATL_NYJ,202312030nyj,2023,13,REG,NYJ,ATL,Tim Boyle,BoylTi00,1.0,0.042,,,9.0,0.375,1.0,2.0,5.0,1.0,7.0,0.269,,,
448,2023_13_ATL_NYJ,202312030nyj,2023,13,REG,NYJ,ATL,Trevor Siemian,SiemTr00,0.0,0.0,,,6.0,0.462,3.0,5.0,0.0,2.0,5.0,0.294,,,
449,2023_13_ATL_NYJ,202312030nyj,2023,13,REG,ATL,NYJ,Desmond Ridder,RiddDe00,1.0,0.04,,,9.0,0.36,3.0,6.0,6.0,4.0,13.0,0.433,,,
450,2023_13_ARI_PIT,202312030pit,2023,13,REG,PIT,ARI,Mitchell Trubisky,TrubMi00,2.0,0.118,,,2.0,0.118,0.0,6.0,0.0,3.0,3.0,0.167,,,
451,2023_13_ARI_PIT,202312030pit,2023,13,REG,PIT,ARI,Kenny Pickett,PickKe00,0.0,0.0,,,0.0,0.0,0.0,5.0,0.0,2.0,2.0,0.167,,,
452,2023_13_ARI_PIT,202312030pit,2023,13,REG,ARI,PIT,Kyler Murray,MurrKy00,2.0,0.087,,,3.0,0.13,2.0,15.0,0.0,2.0,4.0,0.148,,,
453,2023_13_IND_TEN,202312030oti,2023,13,REG,TEN,IND,Will Levis,LeviWi00,2.0,0.061,,,10.0,0.303,6.0,10.0,0.0,5.0,11.0,0.275,,,
454,2023_13_IND_TEN,202312030oti,2023,13,REG,IND,TEN,Gardner Minshew II,MinsGa00,1.0,0.024,,,8.0,0.195,3.0,12.0,0.0,4.0,7.0,0.149,,,
455,2023_13_MIA_WAS,202312030was,2023,13,REG,WAS,MIA,Sam Howell,HoweSa00,1.0,0.048,,,5.0,0.238,3.0,5.0,1.0,5.0,9.0,0.31,,,
456,2023_13_MIA_WAS,202312030was,2023,13,REG,MIA,WAS,Tua Tagovailoa,TagoTu00,1.0,0.042,,,3.0,0.125,0.0,4.0,0.0,1.0,1.0,0.042,,,
457,2023_13_MIA_WAS,202312030was,2023,13,REG,MIA,WAS,Mike White,WhitMi01,0.0,0.0,,,0.0,0.0,0.0,0.0,0.0,0.0,0.0,0.0,,,
458,2023_13_CAR_TB,202312030tam,2023,13,REG,TB,CAR,Baker Mayfield,MayfBa00,3.0,0.111,,,5.0,0.185,1.0,11.0,0.0,2.0,3.0,0.1,,,
459,2023_13_CAR_TB,202312030tam,2023,13,REG,CAR,TB,Bryce Young,YounBr01,1.0,0.038,,,7.0,0.269,4.0,21.0,1.0,2.0,7.0,0.2,,,
460,2023_13_CLE_LA,202312030ram,2023,13,REG,LA,CLE,Matthew Stafford,StafMa00,2.0,0.059,,,8.0,0.235,0.0,8.0,3.0,2.0,5.0,0.135,,,
461,2023_13_CLE_LA,202312030ram,2023,13,REG,CLE,LA,Joe Flacco,FlacJo00,2.0,0.049,,,11.0,0.268,2.0,8.0,8.0,2.0,12.0,0.261,,,
462,2023_13_SF_PHI,202312030phi,2023,13,REG,PHI,SF,Jalen Hurts,HurtJa00,0.0,0.0,,,4.0,0.1,3.0,3.0,1.0,6.0,10.0,0.192,,,
463,2023_13_SF_PHI,202312030phi,2023,13,REG,PHI,SF,Marcus Mariota,MariMa01,0.0,0.0,,,0.0,0.0,0.0,0.0,0.0,0.0,0.0,0.0,,,
464,2023_13_SF_PHI,202312030phi,2023,13,REG,SF,PHI,Brock Purdy,PurdBr00,0.0,0.0,,,5.0,0.2,2.0,12.0,1.0,1.0,4.0,0.133,,,
465,2023_13_KC_GB,202312030gnb,2023,13,REG,GB,KC,Jordan Love,LoveJo03,1.0,0.029,,,9.0,0.257,2.0,15.0,5.0,2.0,9.0,0.231,,,
466,2023_13_KC_GB,202312030gnb,2023,13,REG,KC,GB,Patrick Mahomes,MahoPa00,2.0,0.065,,,4.0,0.129,3.0,3.0,0.0,2.0,5.0,0.128,,,
467,2023_13_CIN_JAX,202312040jax,2023,13,REG,JAX,CIN,Trevor Lawrence,LawrTr00,1.0,0.034,,,2.0,0.069,2.0,4.0,4.0,1.0,7.0,0.212,,,
468,2023_13_CIN_JAX,202312040jax,2023,13,REG,JAX,CIN,C.J. Beathard,BeatC.00,0.0,0.0,,,1.0,0.1,2.0,1.0,0.0,2.0,4.0,0.308,,,
469,2023_13_CIN_JAX,202312040jax,2023,13,REG,CIN,JAX,Jake Browning,BrowJa08,2.0,0.057,,,0.0,0.0,2.0,12.0,6.0,3.0,11.0,0.275,,,
470,2023_13_CIN_JAX,202312040jax,2023,13,REG,CIN,JAX,Tyler Boyd,BoydTy00,0.0,0.0,,,1.0,1.0,0.0,1.0,0.0,1.0,1.0,1.0,,,
471,2023_13_CIN_JAX,202312040jax,2023,13,REG,CIN,JAX,Ja'Marr Chase,ChasJa00,0.0,0.0,,,0.0,0.0,0.0,0.0,0.0,0.0,0.0,0.0,,,
472,2023_14_NE_PIT,202312070pit,2023,14,REG,PIT,NE,Mitchell Trubisky,TrubMi00,1.0,0.029,,,7.0,0.206,2.0,8.0,5.0,0.0,7.0,0.171,,,
473,2023_14_NE_PIT,202312070pit,2023,14,REG,PIT,NE,Connor Heyward,HeywCo00,0.0,0.0,,,0.0,0.0,0.0,1.0,0.0,0.0,0.0,0.0,,,
474,2023_14_NE_PIT,202312070pit,2023,14,REG,NE,PIT,Bailey Zappe,ZappBa00,2.0,0.077,,,3.0,0.115,2.0,11.0,1.0,0.0,3.0,0.094,,,
475,2023_14_TB_ATL,202312100atl,2023,14,REG,ATL,TB,Desmond Ridder,RiddDe00,1.0,0.026,,,4.0,0.103,3.0,12.0,0.0,0.0,3.0,0.067,,,
476,2023_14_TB_ATL,202312100atl,2023,14,REG,TB,ATL,Baker Mayfield,MayfBa00,1.0,0.034,,,9.0,0.31,1.0,2.0,0.0,0.0,1.0,0.032,,,
477,2023_14_LA_BAL,202312100rav,2023,14,REG,BAL,LA,Lamar Jackson,JackLa00,3.0,0.075,,,10.0,0.25,2.0,13.0,1.0,3.0,6.0,0.118,,,
478,2023_14_LA_BAL,202312100rav,2023,14,REG,LA,BAL,Matthew Stafford,StafMa00,2.0,0.053,,,11.0,0.289,2.0,9.0,0.0,8.0,10.0,0.233,,,
479,2023_14_DET_CHI,202312100chi,2023,14,REG,CHI,DET,Justin Fields,FielJu00,3.0,0.097,,,5.0,0.161,3.0,9.0,3.0,5.0,11.0,0.275,,,
480,2023_14_DET_CHI,202312100chi,2023,14,REG,DET,CHI,Jared Goff,GoffJa00,3.0,0.088,,,6.0,0.176,4.0,8.0,2.0,3.0,9.0,0.231,,,
481,2023_14_IND_CIN,202312100cin,2023,14,REG,CIN,IND,Jake Browning,BrowJa08,2.0,0.083,,,1.0,0.042,0.0,2.0,0.0,3.0,3.0,0.115,,,
482,2023_14_IND_CIN,202312100cin,2023,14,REG,CIN,IND,A.J. McCarron,McCaA.00,0.0,0.0,,,0.0,0.0,0.0,0.0,0.0,0.0,0.0,0.0,,,
483,2023_14_IND_CIN,202312100cin,2023,14,REG,IND,CIN,Gardner Minshew II,MinsGa00,3.0,0.079,,,3.0,0.079,3.0,7.0,1.0,0.0,4.0,0.093,,,
484,2023_14_JAX_CLE,202312100cle,2023,14,REG,CLE,JAX,Joe Flacco,FlacJo00,1.0,0.023,,,10.0,0.233,1.0,13.0,5.0,2.0,8.0,0.174,,,
485,2023_14_JAX_CLE,202312100cle,2023,14,REG,JAX,CLE,Trevor Lawrence,LawrTr00,0.0,0.0,,,11.0,0.229,4.0,10.0,2.0,8.0,14.0,0.25,,,
486,2023_14_CAR_NO,202312100nor,2023,14,REG,NO,CAR,Derek Carr,CarrDe02,0.0,0.0,,,1.0,0.045,1.0,8.0,0.0,5.0,6.0,0.222,,,
487,2023_14_CAR_NO,202312100nor,2023,14,REG,CAR,NO,Bryce Young,YounBr01,1.0,0.031,,,10.0,0.313,4.0,13.0,3.0,4.0,11.0,0.256,,,
488,2023_14_HOU_NYJ,202312100nyj,2023,14,REG,NYJ,HOU,Zach Wilson,WilsZa00,1.0,0.029,,,4.0,0.114,4.0,14.0,5.0,5.0,14.0,0.333,,,
489,2023_14_HOU_NYJ,202312100nyj,2023,14,REG,HOU,NYJ,C.J. Stroud,StroCJ00,2.0,0.091,,,3.0,0.136,4.0,6.0,2.0,2.0,8.0,0.296,,,
490,2023_14_HOU_NYJ,202312100nyj,2023,14,REG,HOU,NYJ,Davis Mills,MillDa02,0.0,0.0,,,1.0,0.2,1.0,1.0,1.0,0.0,2.0,0.333,,,
491,2023_14_MIN_LV,202312100rai,2023,14,REG,LV,MIN,Aidan O'Connell,OConAi00,1.0,0.034,,,5.0,0.172,4.0,16.0,2.0,1.0,7.0,0.194,,,
492,2023_14_MIN_LV,202312100rai,2023,14,REG,MIN,LV,Joshua Dobbs,DobbJo00,2.0,0.091,,,7.0,0.318,5.0,10.0,1.0,5.0,11.0,0.333,,,
493,2023_14_MIN_LV,202312100rai,2023,14,REG,MIN,LV,Nick Mullens,MullNi00,0.0,0.0,,,4.0,0.308,0.0,3.0,0.0,1.0,1.0,0.077,,,
494,2023_14_SEA_SF,202312100sfo,2023,14,REG,SF,SEA,Brock Purdy,PurdBr00,1.0,0.037,,,3.0,0.111,3.0,7.0,0.0,4.0,7.0,0.226,,,
495,2023_14_SEA_SF,202312100sfo,2023,14,REG,SEA,SF,Drew Lock,LockDr00,3.0,0.097,,,1.0,0.032,4.0,6.0,2.0,0.0,6.0,0.162,,,
496,2023_14_BUF_KC,202312100kan,2023,14,REG,KC,BUF,Patrick Mahomes,MahoPa00,2.0,0.051,,,8.0,0.205,1.0,12.0,3.0,6.0,10.0,0.222,,,
497,2023_14_BUF_KC,202312100kan,2023,14,REG,BUF,KC,Josh Allen,AlleJo02,2.0,0.054,,,6.0,0.162,3.0,16.0,9.0,7.0,19.0,0.388,,,
498,2023_14_DEN_LAC,202312100sdg,2023,14,REG,LAC,DEN,Easton Stick,SticEa00,0.0,0.0,,,5.0,0.208,2.0,15.0,0.0,2.0,4.0,0.154,,,
499,2023_14_DEN_LAC,202312100sdg,2023,14,REG,LAC,DEN,Justin Herbert,HerbJu00,0.0,0.0,,,6.0,0.353,4.0,8.0,1.0,2.0,7.0,0.333,,,
500,2023_14_DEN_LAC,202312100sdg,2023,14,REG,LAC,DEN,Keenan Allen,AlleKe00,0.0,0.0,,,1.0,1.0,0.0,1.0,0.0,0.0,0.0,0.0,,,
501,2023_14_DEN_LAC,202312100sdg,2023,14,REG,DEN,LAC,Russell Wilson,WilsRu00,1.0,0.033,,,4.0,0.133,2.0,17.0,0.0,1.0,3.0,0.083,,,
502,2023_14_PHI_DAL,202312100dal,2023,14,REG,DAL,PHI,Dak Prescott,PresDa01,4.0,0.103,,,2.0,0.051,3.0,5.0,3.0,0.0,6.0,0.14,,,
503,2023_14_PHI_DAL,202312100dal,2023,14,REG,PHI,DAL,Jalen Hurts,HurtJa00,4.0,0.148,,,2.0,0.074,1.0,9.0,1.0,1.0,3.0,0.107,,,
504,2023_14_PHI_DAL,202312100dal,2023,14,REG,PHI,DAL,Braden Mann,MannBr01,0.0,0.0,,,0.0,0.0,0.0,0.0,0.0,0.0,0.0,0.0,,,
505,2023_14_TEN_MIA,202312110mia,2023,14,REG,MIA,TEN,Tua Tagovailoa,TagoTu00,0.0,0.0,,,7.0,0.212,5.0,3.0,6.0,2.0,13.0,0.317,,,
506,2023_14_TEN_MIA,202312110mia,2023,14,REG,TEN,MIA,Will Levis,LeviWi00,1.0,0.028,,,5.0,0.139,1.0,3.0,2.0,6.0,9.0,0.22,,,
507,2023_14_GB_NYG,202312110nyg,2023,14,REG,NYG,GB,Tommy DeVito,DeViTo00,1.0,0.05,,,2.0,0.1,0.0,8.0,5.0,2.0,7.0,0.259,,,
508,2023_14_GB_NYG,202312110nyg,2023,14,REG,GB,NYG,Jordan Love,LoveJo03,2.0,0.053,,,6.0,0.158,2.0,20.0,5.0,4.0,11.0,0.262,,,
509,2023_15_LAC_LV,202312140rai,2023,15,REG,LV,LAC,Aidan O'Connell,OConAi00,0.0,0.0,,,3.0,0.094,1.0,11.0,0.0,1.0,2.0,0.057,,,
510,2023_15_LAC_LV,202312140rai,2023,15,REG,LV,LAC,Jakobi Meyers,MeyeJa01,0.0,0.0,,,0.0,0.0,0.0,1.0,0.0,0.0,0.0,0.0,,,
511,2023_15_LAC_LV,202312140rai,2023,15,REG,LAC,LV,Easton Stick,SticEa00,0.0,0.0,,,5.0,0.161,3.0,8.0,3.0,2.0,8.0,0.222,,,
512,2023_15_MIN_CIN,202312160cin,2023,15,REG,CIN,MIN,Jake Browning,BrowJa08,1.0,0.025,,,4.0,0.1,4.0,23.0,8.0,3.0,15.0,0.326,,,
513,2023_15_MIN_CIN,202312160cin,2023,15,REG,MIN,CIN,Nick Mullens,MullNi00,0.0,0.0,,,3.0,0.094,3.0,7.0,3.0,5.0,11.0,0.289,,,
514,2023_15_MIN_CIN,202312160cin,2023,15,REG,MIN,CIN,Justin Jefferson,JeffJu00,0.0,0.0,,,0.0,0.0,0.0,1.0,0.0,1.0,1.0,1.0,,,
515,2023_15_PIT_IND,202312160clt,2023,15,REG,IND,PIT,Gardner Minshew II,MinsGa00,2.0,0.074,,,3.0,0.111,3.0,9.0,1.0,2.0,6.0,0.188,,,
516,2023_15_PIT_IND,202312160clt,2023,15,REG,PIT,IND,Mitchell Trubisky,TrubMi00,0.0,0.0,,,6.0,0.261,3.0,1.0,0.0,3.0,6.0,0.231,,,
517,2023_15_PIT_IND,202312160clt,2023,15,REG,PIT,IND,Mason Rudolph,RudoMa00,0.0,0.0,,,1.0,0.333,1.0,0.0,0.0,0.0,1.0,0.25,,,
518,2023_15_DEN_DET,202312160det,2023,15,REG,DET,DEN,Jared Goff,GoffJa00,0.0,0.0,,,5.0,0.156,2.0,18.0,1.0,5.0,8.0,0.222,,,
519,2023_15_DEN_DET,202312160det,2023,15,REG,DEN,DET,Russell Wilson,WilsRu00,2.0,0.063,,,3.0,0.094,2.0,15.0,5.0,6.0,13.0,0.371,,,
520,2023_15_ATL_CAR,202312170car,2023,15,REG,CAR,ATL,Bryce Young,YounBr01,2.0,0.091,,,2.0,0.091,3.0,3.0,0.0,2.0,5.0,0.179,,,
521,2023_15_ATL_CAR,202312170car,2023,15,REG,ATL,CAR,Desmond Ridder,RiddDe00,2.0,0.105,,,4.0,0.211,0.0,1.0,1.0,1.0,2.0,0.095,,,
522,2023_15_CHI_CLE,202312170cle,2023,15,REG,CLE,CHI,Joe Flacco,FlacJo00,1.0,0.023,,,5.0,0.116,4.0,14.0,1.0,3.0,8.0,0.167,,,
523,2023_15_CHI_CLE,202312170cle,2023,15,REG,CLE,CHI,Dorian Thompson-Robinson,ThomDo02,0.0,0.0,,,0.0,0.0,0.0,1.0,0.0,0.0,0.0,0.0,,,
524,2023_15_CHI_CLE,202312170cle,2023,15,REG,CHI,CLE,Justin Fields,FielJu00,2.0,0.054,,,10.0,0.27,3.0,17.0,0.0,5.0,8.0,0.178,,,
525,2023_15_TB_GB,202312170gnb,2023,15,REG,GB,TB,Jordan Love,LoveJo03,0.0,0.0,,,5.0,0.139,2.0,17.0,5.0,4.0,11.0,0.268,,,
526,2023_15_TB_GB,202312170gnb,2023,15,REG,TB,GB,Baker Mayfield,MayfBa00,0.0,0.0,,,2.0,0.074,5.0,7.0,3.0,0.0,8.0,0.242,,,
527,2023_15_NYJ_MIA,202312170mia,2023,15,REG,MIA,NYJ,Tua Tagovailoa,TagoTu00,0.0,0.0,,,1.0,0.042,3.0,3.0,1.0,1.0,5.0,0.185,,,
528,2023_15_NYJ_MIA,202312170mia,2023,15,REG,MIA,NYJ,Mike White,WhitMi01,0.0,0.0,,,0.0,0.0,0.0,0.0,0.0,0.0,0.0,0.0,,,
529,2023_15_NYJ_MIA,202312170mia,2023,15,REG,NYJ,MIA,Trevor Siemian,SiemTr00,0.0,0.0,,,7.0,0.28,2.0,6.0,0.0,4.0,6.0,0.214,,,
530,2023_15_NYJ_MIA,202312170mia,2023,15,REG,NYJ,MIA,Zach Wilson,WilsZa00,0.0,0.0,,,1.0,0.125,4.0,4.0,4.0,3.0,11.0,0.733,,,
531,2023_15_KC_NE,202312170nwe,2023,15,REG,NE,KC,Bailey Zappe,ZappBa00,0.0,0.0,,,3.0,0.097,4.0,14.0,0.0,1.0,5.0,0.143,,,
532,2023_15_KC_NE,202312170nwe,2023,15,REG,KC,NE,Patrick Mahomes,MahoPa00,3.0,0.088,,,2.0,0.059,3.0,10.0,3.0,0.0,6.0,0.15,,,
533,2023_15_KC_NE,202312170nwe,2023,15,REG,KC,NE,Jerick McKinnon,McKiJe00,0.0,0.0,,,0.0,0.0,0.0,0.0,0.0,0.0,0.0,0.0,,,
534,2023_15_NYG_NO,202312170nor,2023,15,REG,NO,NYG,Derek Carr,CarrDe02,0.0,0.0,,,4.0,0.148,1.0,13.0,1.0,1.0,3.0,0.103,,,
535,2023_15_NYG_NO,202312170nor,2023,15,REG,NO,NYG,Taysom Hill,HillTa00,0.0,0.0,,,1.0,1.0,0.0,1.0,0.0,0.0,0.0,0.0,,,
536,2023_15_NYG_NO,202312170nor,2023,15,REG,NYG,NO,Tommy DeVito,DeViTo00,2.0,0.065,,,4.0,0.129,7.0,11.0,4.0,1.0,12.0,0.279,,,
537,2023_15_NYG_NO,202312170nor,2023,15,REG,NYG,NO,Tyrod Taylor,TaylTy00,1.0,0.333,,,0.0,0.0,0.0,0.0,0.0,0.0,0.0,0.0,,,
538,2023_15_HOU_TEN,202312170oti,2023,15,REG,TEN,HOU,Will Levis,LeviWi00,1.0,0.038,,,2.0,0.077,7.0,7.0,0.0,4.0,11.0,0.306,,,
539,2023_15_HOU_TEN,202312170oti,2023,15,REG,HOU,TEN,Case Keenum,KeenCa00,1.0,0.029,,,5.0,0.147,3.0,10.0,1.0,2.0,6.0,0.154,,,
540,2023_15_SF_ARI,202312170crd,2023,15,REG,ARI,SF,Kyler Murray,MurrKy00,1.0,0.027,,,7.0,0.189,3.0,3.0,0.0,3.0,6.0,0.133,,,
541,2023_15_SF_ARI,202312170crd,2023,15,REG,SF,ARI,Brock Purdy,PurdBr00,0.0,0.0,,,4.0,0.167,0.0,5.0,0.0,1.0,1.0,0.04,,,
542,2023_15_SF_ARI,202312170crd,2023,15,REG,SF,ARI,Sam Darnold,DarnSa00,0.0,0.0,,,0.0,0.0,0.0,1.0,0.0,0.0,0.0,0.0,,,
543,2023_15_WAS_LA,202312170ram,2023,15,REG,LA,WAS,Matthew Stafford,StafMa00,1.0,0.031,,,4.0,0.125,3.0,11.0,0.0,3.0,6.0,0.162,,,
544,2023_15_WAS_LA,202312170ram,2023,15,REG,WAS,LA,Sam Howell,HoweSa00,0.0,0.0,,,7.0,0.28,1.0,5.0,0.0,1.0,2.0,0.067,,,
545,2023_15_WAS_LA,202312170ram,2023,15,REG,WAS,LA,Jacoby Brissett,BrisJa00,0.0,0.0,,,0.0,0.0,0.0,0.0,0.0,2.0,2.0,0.182,,,
546,2023_15_DAL_BUF,202312170buf,2023,15,REG,BUF,DAL,Josh Allen,AlleJo02,3.0,0.231,,,2.0,0.154,1.0,8.0,2.0,2.0,5.0,0.263,,,
547,2023_15_DAL_BUF,202312170buf,2023,15,REG,DAL,BUF,Dak Prescott,PresDa01,2.0,0.063,,,4.0,0.125,3.0,6.0,0.0,3.0,6.0,0.146,,,
548,2023_15_BAL_JAX,202312170jax,2023,15,REG,JAX,BAL,Trevor Lawrence,LawrTr00,4.0,0.093,,,10.0,0.233,1.0,15.0,0.0,2.0,3.0,0.063,,,
549,2023_15_BAL_JAX,202312170jax,2023,15,REG,BAL,JAX,Lamar Jackson,JackLa00,1.0,0.043,,,6.0,0.261,3.0,14.0,1.0,6.0,10.0,0.313,,,
550,2023_15_PHI_SEA,202312180sea,2023,15,REG,SEA,PHI,Drew Lock,LockDr00,2.0,0.063,,,6.0,0.188,2.0,2.0,2.0,1.0,5.0,0.143,,,
551,2023_15_PHI_SEA,202312180sea,2023,15,REG,PHI,SEA,Jalen Hurts,HurtJa00,0.0,0.0,,,7.0,0.233,0.0,5.0,3.0,0.0,3.0,0.081,,,
552,2023_16_NO_LA,202312210ram,2023,16,REG,LA,NO,Matthew Stafford,StafMa00,2.0,0.061,,,4.0,0.121,1.0,11.0,2.0,1.0,4.0,0.114,,,
553,2023_16_NO_LA,202312210ram,2023,16,REG,NO,LA,Derek Carr,CarrDe02,1.0,0.025,,,8.0,0.2,2.0,15.0,4.0,1.0,7.0,0.163,,,
554,2023_16_CIN_PIT,202312230pit,2023,16,REG,PIT,CIN,Mason Rudolph,RudoMa00,0.0,0.0,,,5.0,0.2,1.0,12.0,1.0,2.0,4.0,0.138,,,
555,2023_16_CIN_PIT,202312230pit,2023,16,REG,CIN,PIT,Jake Browning,BrowJa08,0.0,0.0,,,6.0,0.146,3.0,13.0,3.0,6.0,12.0,0.267,,,
556,2023_16_BUF_LAC,202312230sdg,2023,16,REG,LAC,BUF,Easton Stick,SticEa00,0.0,0.0,,,0.0,0.0,5.0,0.0,0.0,0.0,5.0,0.125,,,
557,2023_16_BUF_LAC,202312230sdg,2023,16,REG,BUF,LAC,Josh Allen,AlleJo02,0.0,0.0,,,0.0,0.0,1.0,0.0,0.0,0.0,1.0,0.043,,,
558,2023_16_IND_ATL,202312240atl,2023,16,REG,ATL,IND,Taylor Heinicke,HeinTa00,2.0,0.065,,,2.0,0.065,1.0,5.0,1.0,3.0,5.0,0.143,,,
559,2023_16_IND_ATL,202312240atl,2023,16,REG,IND,ATL,Gardner Minshew II,MinsGa00,4.0,0.114,,,8.0,0.229,6.0,11.0,1.0,5.0,12.0,0.261,,,
560,2023_16_GB_CAR,202312240car,2023,16,REG,CAR,GB,Bryce Young,YounBr01,0.0,0.0,,,8.0,0.242,2.0,17.0,1.0,7.0,10.0,0.25,,,
561,2023_16_GB_CAR,202312240car,2023,16,REG,GB,CAR,Jordan Love,LoveJo03,2.0,0.077,,,6.0,0.231,1.0,10.0,1.0,1.0,3.0,0.1,,,
562,2023_16_CLE_HOU,202312240htx,2023,16,REG,HOU,CLE,Davis Mills,MillDa02,4.0,0.129,,,7.0,0.226,0.0,6.0,0.0,1.0,1.0,0.03,,,
563,2023_16_CLE_HOU,202312240htx,2023,16,REG,HOU,CLE,Case Keenum,KeenCa00,1.0,0.059,,,2.0,0.118,3.0,6.0,0.0,3.0,6.0,0.3,,,
564,2023_16_CLE_HOU,202312240htx,2023,16,REG,CLE,HOU,Joe Flacco,FlacJo00,3.0,0.073,,,4.0,0.098,0.0,7.0,0.0,7.0,7.0,0.167,,,
565,2023_16_CLE_HOU,202312240htx,2023,16,REG,CLE,HOU,Dorian Thompson-Robinson,ThomDo02,0.0,0.0,,,1.0,0.5,1.0,0.0,0.0,0.0,1.0,0.333,,,
566,2023_16_DET_MIN,202312240min,2023,16,REG,MIN,DET,Nick Mullens,MullNi00,0.0,0.0,,,9.0,0.257,4.0,14.0,4.0,6.0,14.0,0.341,,,
567,2023_16_DET_MIN,202312240min,2023,16,REG,DET,MIN,Jared Goff,GoffJa00,3.0,0.077,,,3.0,0.077,1.0,28.0,5.0,2.0,8.0,0.195,,,
568,2023_16_WAS_NYJ,202312240nyj,2023,16,REG,NYJ,WAS,Trevor Siemian,SiemTr00,0.0,0.0,,,10.0,0.222,0.0,9.0,0.0,4.0,4.0,0.078,,,
569,2023_16_WAS_NYJ,202312240nyj,2023,16,REG,WAS,NYJ,Sam Howell,HoweSa00,3.0,0.158,,,4.0,0.211,1.0,7.0,0.0,2.0,3.0,0.13,,,
570,2023_16_WAS_NYJ,202312240nyj,2023,16,REG,WAS,NYJ,Jacoby Brissett,BrisJa00,1.0,0.077,,,1.0,0.077,0.0,2.0,0.0,0.0,0.0,0.0,,,
571,2023_16_SEA_TEN,202312240oti,2023,16,REG,TEN,SEA,Ryan Tannehill,TannRy00,0.0,0.0,,,2.0,0.087,6.0,8.0,4.0,3.0,13.0,0.382,,,
572,2023_16_SEA_TEN,202312240oti,2023,16,REG,TEN,SEA,Derrick Henry,HenrDe00,0.0,0.0,,,0.0,0.0,0.0,0.0,0.0,0.0,0.0,0.0,,,
573,2023_16_SEA_TEN,202312240oti,2023,16,REG,SEA,TEN,Geno Smith,SmitGe00,1.0,0.028,,,8.0,0.222,3.0,10.0,6.0,0.0,9.0,0.225,,,
574,2023_16_JAX_TB,202312240tam,2023,16,REG,TB,JAX,Baker Mayfield,MayfBa00,2.0,0.057,,,2.0,0.057,2.0,10.0,1.0,2.0,5.0,0.128,,,
575,2023_16_JAX_TB,202312240tam,2023,16,REG,JAX,TB,Trevor Lawrence,LawrTr00,1.0,0.034,,,10.0,0.345,3.0,15.0,1.0,1.0,5.0,0.143,,,
576,2023_16_JAX_TB,202312240tam,2023,16,REG,JAX,TB,C.J. Beathard,BeatC.00,1.0,0.071,,,0.0,0.0,1.0,7.0,1.0,0.0,2.0,0.118,,,
577,2023_16_ARI_CHI,202312240chi,2023,16,REG,CHI,ARI,Justin Fields,FielJu00,1.0,0.04,,,3.0,0.12,1.0,8.0,7.0,1.0,9.0,0.273,,,
578,2023_16_ARI_CHI,202312240chi,2023,16,REG,ARI,CHI,Kyler Murray,MurrKy00,1.0,0.027,,,5.0,0.135,2.0,5.0,4.0,3.0,9.0,0.214,,,
579,2023_16_DAL_MIA,202312240mia,2023,16,REG,MIA,DAL,Tua Tagovailoa,TagoTu00,1.0,0.028,,,11.0,0.306,1.0,6.0,1.0,3.0,5.0,0.132,,,
580,2023_16_DAL_MIA,202312240mia,2023,16,REG,DAL,MIA,Dak Prescott,PresDa01,2.0,0.069,,,5.0,0.172,4.0,9.0,3.0,7.0,14.0,0.368,,,
581,2023_16_NE_DEN,202312240den,2023,16,REG,DEN,NE,Russell Wilson,WilsRu00,2.0,0.056,,,5.0,0.139,5.0,10.0,2.0,3.0,10.0,0.233,,,
582,2023_16_NE_DEN,202312240den,2023,16,REG,NE,DEN,Bailey Zappe,ZappBa00,2.0,0.065,,,3.0,0.097,2.0,13.0,1.0,2.0,5.0,0.139,,,
583,2023_16_LV_KC,202312250kan,2023,16,REG,KC,LV,Patrick Mahomes,MahoPa00,2.0,0.05,,,7.0,0.175,4.0,2.0,2.0,6.0,12.0,0.214,,,
584,2023_16_LV_KC,202312250kan,2023,16,REG,KC,LV,Tommy Townsend,TownTo01,0.0,0.0,,,0.0,0.0,0.0,1.0,0.0,0.0,0.0,0.0,,,
585,2023_16_LV_KC,202312250kan,2023,16,REG,LV,KC,Aidan O'Connell,OConAi00,4.0,0.211,,,4.0,0.211,2.0,7.0,1.0,4.0,7.0,0.304,,,
586,2023_16_NYG_PHI,202312250phi,2023,16,REG,PHI,NYG,Jalen Hurts,HurtJa00,2.0,0.056,,,7.0,0.194,1.0,25.0,4.0,1.0,6.0,0.146,,,
587,2023_16_NYG_PHI,202312250phi,2023,16,REG,NYG,PHI,Tommy DeVito,DeViTo00,1.0,0.077,,,2.0,0.154,1.0,2.0,0.0,2.0,3.0,0.176,,,
588,2023_16_NYG_PHI,202312250phi,2023,16,REG,NYG,PHI,Tyrod Taylor,TaylTy00,1.0,0.071,,,6.0,0.429,0.0,3.0,1.0,3.0,4.0,0.222,,,
589,2023_16_BAL_SF,202312250sfo,2023,16,REG,SF,BAL,Brock Purdy,PurdBr00,2.0,0.065,,,5.0,0.161,2.0,8.0,1.0,5.0,8.0,0.235,,,
590,2023_16_BAL_SF,202312250sfo,2023,16,REG,SF,BAL,Sam Darnold,DarnSa00,0.0,0.0,,,6.0,0.429,2.0,1.0,1.0,0.0,3.0,0.176,,,
591,2023_16_BAL_SF,202312250sfo,2023,16,REG,BAL,SF,Lamar Jackson,JackLa00,2.0,0.059,,,6.0,0.176,2.0,15.0,0.0,1.0,3.0,0.077,,,
592,2023_17_NYJ_CLE,202312280cle,2023,17,REG,CLE,NYJ,Joe Flacco,FlacJo00,2.0,0.069,,,5.0,0.172,1.0,4.0,5.0,0.0,6.0,0.2,,,
593,2023_17_NYJ_CLE,202312280cle,2023,17,REG,NYJ,CLE,Trevor Siemian,SiemTr00,1.0,0.023,,,4.0,0.091,2.0,9.0,1.0,2.0,5.0,0.1,,,
594,2023_17_DET_DAL,202312300dal,2023,17,REG,DAL,DET,Dak Prescott,PresDa01,2.0,0.053,,,7.0,0.184,3.0,17.0,7.0,4.0,14.0,0.333,,,
595,2023_17_DET_DAL,202312300dal,2023,17,REG,DET,DAL,Jared Goff,GoffJa00,1.0,0.032,,,6.0,0.194,1.0,4.0,2.0,7.0,10.0,0.286,,,
596,2023_17_DET_DAL,202312300dal,2023,17,REG,DET,DAL,Jalen Reeves-Maybin,ReevJa00,0.0,0.0,,,0.0,0.0,0.0,0.0,0.0,0.0,0.0,0.0,,,
597,2023_17_MIA_BAL,202312310rav,2023,17,REG,BAL,MIA,Lamar Jackson,JackLa00,2.0,0.095,,,0.0,0.0,1.0,7.0,0.0,1.0,2.0,0.08,,,
598,2023_17_MIA_BAL,202312310rav,2023,17,REG,BAL,MIA,Tyler Huntley,HuntTy01,0.0,0.0,,,0.0,0.0,0.0,0.0,0.0,0.0,0.0,0.0,,,
599,2023_17_MIA_BAL,202312310rav,2023,17,REG,MIA,BAL,Tua Tagovailoa,TagoTu00,3.0,0.083,,,8.0,0.222,3.0,1.0,2.0,2.0,7.0,0.163,,,
600,2023_17_NE_BUF,202312310buf,2023,17,REG,BUF,NE,Josh Allen,AlleJo02,3.0,0.107,,,7.0,0.25,1.0,13.0,1.0,3.0,5.0,0.147,,,
601,2023_17_NE_BUF,202312310buf,2023,17,REG,NE,BUF,Bailey Zappe,ZappBa00,0.0,0.0,,,5.0,0.208,3.0,11.0,1.0,4.0,8.0,0.258,,,
602,2023_17_ATL_CHI,202312310chi,2023,17,REG,CHI,ATL,Justin Fields,FielJu00,1.0,0.033,,,7.0,0.233,3.0,14.0,3.0,2.0,8.0,0.211,,,
603,2023_17_ATL_CHI,202312310chi,2023,17,REG,ATL,CHI,Taylor Heinicke,HeinTa00,2.0,0.071,,,13.0,0.464,2.0,5.0,3.0,4.0,9.0,0.257,,,
604,2023_17_ATL_CHI,202312310chi,2023,17,REG,ATL,CHI,Desmond Ridder,RiddDe00,0.0,0.0,,,0.0,0.0,0.0,0.0,0.0,0.0,0.0,0.0,,,
605,2023_17_TEN_HOU,202312310htx,2023,17,REG,HOU,TEN,C.J. Stroud,StroCJ00,1.0,0.032,,,5.0,0.161,1.0,5.0,0.0,1.0,2.0,0.059,,,
606,2023_17_TEN_HOU,202312310htx,2023,17,REG,TEN,HOU,Ryan Tannehill,TannRy00,0.0,0.0,,,2.0,0.105,5.0,1.0,1.0,3.0,9.0,0.36,,,
607,2023_17_TEN_HOU,202312310htx,2023,17,REG,TEN,HOU,Will Levis,LeviWi00,1.0,0.167,,,1.0,0.167,1.0,2.0,1.0,2.0,4.0,0.571,,,
608,2023_17_LV_IND,202312310clt,2023,17,REG,IND,LV,Gardner Minshew II,MinsGa00,2.0,0.1,,,2.0,0.1,1.0,7.0,4.0,1.0,6.0,0.24,,,
609,2023_17_LV_IND,202312310clt,2023,17,REG,LV,IND,Aidan O'Connell,OConAi00,1.0,0.022,,,9.0,0.196,2.0,9.0,3.0,2.0,7.0,0.143,,,
610,2023_17_CAR_JAX,202312310jax,2023,17,REG,JAX,CAR,C.J. Beathard,BeatC.00,0.0,0.0,,,3.0,0.136,3.0,6.0,0.0,3.0,6.0,0.207,,,
611,2023_17_CAR_JAX,202312310jax,2023,17,REG,CAR,JAX,Bryce Young,YounBr01,2.0,0.065,,,7.0,0.226,6.0,13.0,0.0,1.0,7.0,0.179,,,
612,2023_17_LA_NYG,202312310nyg,2023,17,REG,NYG,LA,Tyrod Taylor,TaylTy00,5.0,0.128,,,3.0,0.077,6.0,14.0,1.0,3.0,10.0,0.2,,,
613,2023_17_LA_NYG,202312310nyg,2023,17,REG,LA,NYG,Matthew Stafford,StafMa00,3.0,0.088,,,6.0,0.176,4.0,27.0,0.0,2.0,6.0,0.158,,,
614,2023_17_ARI_PHI,202312310phi,2023,17,REG,PHI,ARI,Jalen Hurts,HurtJa00,1.0,0.043,,,3.0,0.13,0.0,9.0,2.0,2.0,4.0,0.167,,,
615,2023_17_ARI_PHI,202312310phi,2023,17,REG,PHI,ARI,Kenneth Gainwell,GainKe00,0.0,0.0,,,0.0,0.0,0.0,0.0,0.0,0.0,0.0,0.0,,,
616,2023_17_ARI_PHI,202312310phi,2023,17,REG,ARI,PHI,Kyler Murray,MurrKy00,1.0,0.032,,,3.0,0.097,1.0,10.0,6.0,2.0,9.0,0.265,,,
617,2023_17_NO_TB,202312310tam,2023,17,REG,TB,NO,Baker Mayfield,MayfBa00,2.0,0.061,,,4.0,0.121,2.0,3.0,1.0,1.0,4.0,0.114,,,
618,2023_17_NO_TB,202312310tam,2023,17,REG,NO,TB,Derek Carr,CarrDe02,2.0,0.063,,,4.0,0.125,1.0,12.0,2.0,0.0,3.0,0.091,,,
619,2023_17_NO_TB,202312310tam,2023,17,REG,NO,TB,Taysom Hill,HillTa00,0.0,0.0,,,0.0,0.0,0.0,1.0,0.0,0.0,0.0,0.0,,,
620,2023_17_SF_WAS,202312310was,2023,17,REG,WAS,SF,Sam Howell,HoweSa00,1.0,0.038,,,7.0,0.269,1.0,4.0,0.0,5.0,6.0,0.207,,,
621,2023_17_SF_WAS,202312310was,2023,17,REG,SF,WAS,Brock Purdy,PurdBr00,0.0,0.0,,,2.0,0.074,0.0,6.0,0.0,1.0,1.0,0.034,,,
622,2023_17_PIT_SEA,202312310sea,2023,17,REG,SEA,PIT,Geno Smith,SmitGe00,4.0,0.121,,,3.0,0.091,1.0,6.0,5.0,8.0,14.0,0.378,,,
623,2023_17_PIT_SEA,202312310sea,2023,17,REG,PIT,SEA,Mason Rudolph,RudoMa00,0.0,0.0,,,0.0,0.0,1.0,5.0,2.0,1.0,4.0,0.154,,,
624,2023_17_LAC_DEN,202312310den,2023,17,REG,DEN,LAC,Jarrett Stidham,StidJa00,0.0,0.0,,,4.0,0.133,2.0,13.0,1.0,2.0,5.0,0.139,,,
625,2023_17_LAC_DEN,202312310den,2023,17,REG,LAC,DEN,Easton Stick,SticEa00,1.0,0.027,,,10.0,0.27,1.0,19.0,0.0,1.0,2.0,0.051,,,
626,2023_17_CIN_KC,202312310kan,2023,17,REG,KC,CIN,Patrick Mahomes,MahoPa00,1.0,0.036,,,6.0,0.214,2.0,4.0,3.0,5.0,10.0,0.303,,,
627,2023_17_CIN_KC,202312310kan,2023,17,REG,CIN,KC,Jake Browning,BrowJa08,1.0,0.032,,,7.0,0.226,6.0,11.0,3.0,7.0,16.0,0.364,,,
628,2023_17_GB_MIN,202312310min,2023,17,REG,MIN,GB,Nick Mullens,MullNi00,1.0,0.045,,,6.0,0.273,1.0,2.0,4.0,2.0,7.0,0.292,,,
629,2023_17_GB_MIN,202312310min,2023,17,REG,MIN,GB,Jaren Hall,HallJa00,0.0,0.0,,,3.0,0.333,3.0,6.0,0.0,1.0,4.0,0.286,,,
630,2023_17_GB_MIN,202312310min,2023,17,REG,GB,MIN,Jordan Love,LoveJo03,3.0,0.091,,,5.0,0.152,0.0,20.0,2.0,2.0,4.0,0.121,,,
631,2023_17_GB_MIN,202312310min,2023,17,REG,GB,MIN,Sean Clifford,ClifSe00,0.0,0.0,,,0.0,0.0,0.0,1.0,0.0,0.0,0.0,0.0,,,
632,2023_18_PIT_BAL,202401060rav,2023,18,REG,BAL,PIT,Tyler Huntley,HuntTy01,4.0,0.154,,,5.0,0.192,4.0,10.0,0.0,1.0,5.0,0.128,,,
633,2023_18_PIT_BAL,202401060rav,2023,18,REG,PIT,BAL,Mason Rudolph,RudoMa00,0.0,0.0,,,1.0,0.05,3.0,7.0,0.0,0.0,3.0,0.13,,,
634,2023_18_HOU_IND,202401060clt,2023,18,REG,IND,HOU,Gardner Minshew II,MinsGa00,1.0,0.043,,,5.0,0.217,1.0,5.0,1.0,2.0,4.0,0.154,,,
635,2023_18_HOU_IND,202401060clt,2023,18,REG,HOU,IND,C.J. Stroud,StroCJ00,0.0,0.0,,,5.0,0.192,2.0,6.0,0.0,3.0,5.0,0.161,,,
636,2023_18_TB_CAR,202401070car,2023,18,REG,CAR,TB,Bryce Young,YounBr01,4.0,0.222,,,3.0,0.167,3.0,14.0,6.0,2.0,11.0,0.478,,,
637,2023_18_TB_CAR,202401070car,2023,18,REG,TB,CAR,Baker Mayfield,MayfBa00,0.0,0.0,,,5.0,0.161,3.0,10.0,2.0,3.0,8.0,0.216,,,
638,2023_18_CLE_CIN,202401070cin,2023,18,REG,CIN,CLE,Jake Browning,BrowJa08,2.0,0.083,,,3.0,0.125,2.0,8.0,3.0,2.0,7.0,0.25,,,
639,2023_18_CLE_CIN,202401070cin,2023,18,REG,CIN,CLE,A.J. McCarron,McCaA.00,0.0,0.0,,,1.0,0.25,1.0,3.0,0.0,0.0,1.0,0.2,,,
640,2023_18_CLE_CIN,202401070cin,2023,18,REG,CLE,CIN,Jeff Driskel,DrisJe00,4.0,0.16,,,4.0,0.16,3.0,3.0,0.0,5.0,8.0,0.25,,,
641,2023_18_MIN_DET,202401070det,2023,18,REG,DET,MIN,Jared Goff,GoffJa00,0.0,0.0,,,5.0,0.161,1.0,28.0,4.0,2.0,7.0,0.212,,,
642,2023_18_MIN_DET,202401070det,2023,18,REG,MIN,DET,Nick Mullens,MullNi00,0.0,0.0,,,6.0,0.14,4.0,18.0,3.0,11.0,18.0,0.367,,,
643,2023_18_NYJ_NE,202401070nwe,2023,18,REG,NE,NYJ,Bailey Zappe,ZappBa00,0.0,0.0,,,9.0,0.3,7.0,5.0,3.0,3.0,13.0,0.342,,,
644,2023_18_NYJ_NE,202401070nwe,2023,18,REG,NYJ,NE,Trevor Siemian,SiemTr00,1.0,0.056,,,6.0,0.333,1.0,17.0,3.0,4.0,8.0,0.381,,,
645,2023_18_ATL_NO,202401070nor,2023,18,REG,NO,ATL,Derek Carr,CarrDe02,0.0,0.0,,,0.0,0.0,2.0,6.0,3.0,1.0,6.0,0.2,,,
646,2023_18_ATL_NO,202401070nor,2023,18,REG,ATL,NO,Desmond Ridder,RiddDe00,1.0,0.033,,,6.0,0.2,0.0,2.0,1.0,1.0,2.0,0.067,,,
647,2023_18_ATL_NO,202401070nor,2023,18,REG,ATL,NO,Logan Woodside,WoodLo00,0.0,0.0,,,0.0,0.0,1.0,0.0,0.0,1.0,2.0,0.4,,,
648,2023_18_JAX_TEN,202401070oti,2023,18,REG,TEN,JAX,Ryan Tannehill,TannRy00,2.0,0.08,,,4.0,0.16,2.0,9.0,2.0,4.0,8.0,0.286,,,
649,2023_18_JAX_TEN,202401070oti,2023,18,REG,TEN,JAX,DeAndre Hopkins,HopkDe00,0.0,0.0,,,1.0,1.0,0.0,1.0,0.0,1.0,1.0,1.0,,,
650,2023_18_JAX_TEN,202401070oti,2023,18,REG,JAX,TEN,Trevor Lawrence,LawrTr00,1.0,0.024,,,8.0,0.195,0.0,13.0,2.0,2.0,4.0,0.089,,,
651,2023_18_SEA_ARI,202401070crd,2023,18,REG,ARI,SEA,Kyler Murray,MurrKy00,2.0,0.069,,,3.0,0.103,1.0,7.0,2.0,3.0,6.0,0.188,,,
652,2023_18_SEA_ARI,202401070crd,2023,18,REG,SEA,ARI,Geno Smith,SmitGe00,4.0,0.154,,,1.0,0.038,0.0,8.0,4.0,0.0,4.0,0.133,,,
653,2023_18_CHI_GB,202401070gnb,2023,18,REG,GB,CHI,Jordan Love,LoveJo03,0.0,0.0,,,2.0,0.063,1.0,3.0,0.0,0.0,1.0,0.029,,,
654,2023_18_CHI_GB,202401070gnb,2023,18,REG,CHI,GB,Justin Fields,FielJu00,0.0,0.0,,,2.0,0.125,5.0,4.0,2.0,0.0,7.0,0.292,,,
655,2023_18_KC_LAC,202401070sdg,2023,18,REG,LAC,KC,Easton Stick,SticEa00,6.0,0.133,,,5.0,0.111,3.0,12.0,1.0,5.0,9.0,0.161,,,
656,2023_18_KC_LAC,202401070sdg,2023,18,REG,KC,LAC,Blaine Gabbert,GabbBl00,4.0,0.138,,,5.0,0.172,1.0,9.0,0.0,8.0,9.0,0.257,,,
657,2023_18_DEN_LV,202401070rai,2023,18,REG,LV,DEN,Aidan O'Connell,OConAi00,1.0,0.038,,,3.0,0.115,2.0,15.0,0.0,2.0,4.0,0.121,,,
658,2023_18_DEN_LV,202401070rai,2023,18,REG,LV,DEN,Jimmy Garoppolo,GaroJi00,0.0,0.0,,,1.0,1.0,1.0,2.0,0.0,0.0,1.0,0.5,,,
659,2023_18_DEN_LV,202401070rai,2023,18,REG,DEN,LV,Jarrett Stidham,StidJa00,2.0,0.063,,,8.0,0.25,5.0,5.0,2.0,6.0,13.0,0.325,,,
660,2023_18_PHI_NYG,202401070nyg,2023,18,REG,NYG,PHI,Tyrod Taylor,TaylTy00,2.0,0.065,,,4.0,0.129,1.0,7.0,3.0,1.0,5.0,0.132,,,
661,2023_18_PHI_NYG,202401070nyg,2023,18,REG,NYG,PHI,Tommy DeVito,DeViTo00,0.0,0.0,,,0.0,0.0,1.0,1.0,0.0,0.0,1.0,0.333,,,
662,2023_18_PHI_NYG,202401070nyg,2023,18,REG,PHI,NYG,Marcus Mariota,MariMa01,0.0,0.0,,,2.0,0.1,3.0,9.0,2.0,1.0,6.0,0.25,,,
663,2023_18_PHI_NYG,202401070nyg,2023,18,REG,PHI,NYG,Jalen Hurts,HurtJa00,1.0,0.077,,,3.0,0.231,2.0,11.0,5.0,2.0,9.0,0.474,,,
664,2023_18_LA_SF,202401070sfo,2023,18,REG,SF,LA,Sam Darnold,DarnSa00,0.0,0.0,,,6.0,0.24,3.0,6.0,0.0,2.0,5.0,0.161,,,
665,2023_18_LA_SF,202401070sfo,2023,18,REG,LA,SF,Carson Wentz,WentCa00,1.0,0.042,,,6.0,0.25,2.0,6.0,0.0,1.0,3.0,0.1,,,
666,2023_18_DAL_WAS,202401070was,2023,18,REG,WAS,DAL,Sam Howell,HoweSa00,0.0,0.0,,,3.0,0.111,4.0,3.0,0.0,2.0,6.0,0.188,,,
667,2023_18_DAL_WAS,202401070was,2023,18,REG,WAS,DAL,Dyami Brown,BrowDy00,0.0,0.0,,,0.0,0.0,0.0,1.0,0.0,0.0,0.0,0.0,,,
668,2023_18_DAL_WAS,202401070was,2023,18,REG,DAL,WAS,Dak Prescott,PresDa01,2.0,0.056,,,2.0,0.056,0.0,8.0,0.0,0.0,0.0,0.0,,,
669,2023_18_DAL_WAS,202401070was,2023,18,REG,DAL,WAS,Cooper Rush,RushCo00,0.0,0.0,,,1.0,0.25,0.0,1.0,0.0,0.0,0.0,0.0,,,
670,2023_18_BUF_MIA,202401070mia,2023,18,REG,MIA,BUF,Tua Tagovailoa,TagoTu00,1.0,0.037,,,5.0,0.185,0.0,1.0,6.0,2.0,8.0,0.286,,,
671,2023_18_BUF_MIA,202401070mia,2023,18,REG,BUF,MIA,Josh Allen,AlleJo02,1.0,0.027,,,3.0,0.081,3.0,16.0,4.0,5.0,12.0,0.267,,,
672,2023_19_CLE_HOU,202401130htx,2023,19,WC,HOU,CLE,C.J. Stroud,StroCJ00,0.0,0.0,,,0.0,0.0,0.0,0.0,0.0,0.0,0.0,0.0,,,
673,2023_19_CLE_HOU,202401130htx,2023,19,WC,HOU,CLE,Davis Mills,MillDa02,0.0,0.0,,,0.0,0.0,0.0,0.0,0.0,0.0,0.0,0.0,,,
674,2023_19_CLE_HOU,202401130htx,2023,19,WC,CLE,HOU,Joe Flacco,FlacJo00,0.0,0.0,,,0.0,0.0,4.0,0.0,0.0,0.0,4.0,0.077,,,
675,2023_19_MIA_KC,202401130kan,2023,19,WC,KC,MIA,Patrick Mahomes,MahoPa00,0.0,0.0,,,0.0,0.0,0.0,0.0,0.0,0.0,0.0,0.0,,,
676,2023_19_MIA_KC,202401130kan,2023,19,WC,MIA,KC,Tua Tagovailoa,TagoTu00,0.0,0.0,,,0.0,0.0,2.0,0.0,0.0,0.0,2.0,0.047,,,
677,2023_19_GB_DAL,202401140dal,2023,19,WC,DAL,GB,Dak Prescott,PresDa01,2.0,0.034,,,10.0,0.169,4.0,9.0,2.0,5.0,11.0,0.157,,,
678,2023_19_GB_DAL,202401140dal,2023,19,WC,GB,DAL,Jordan Love,LoveJo03,1.0,0.048,,,3.0,0.143,0.0,7.0,1.0,5.0,6.0,0.286,,,
679,2023_19_LA_DET,202401140det,2023,19,WC,DET,LA,Jared Goff,GoffJa00,1.0,0.038,,,3.0,0.115,3.0,7.0,1.0,2.0,6.0,0.2,,,
680,2023_19_LA_DET,202401140det,2023,19,WC,LA,DET,Matthew Stafford,StafMa00,0.0,0.0,,,6.0,0.176,2.0,10.0,0.0,5.0,7.0,0.184,,,
681,2023_19_PIT_BUF,202401150buf,2023,19,WC,BUF,PIT,Josh Allen,AlleJo02,3.0,0.1,,,4.0,0.133,2.0,13.0,3.0,1.0,6.0,0.176,,,
682,2023_19_PIT_BUF,202401150buf,2023,19,WC,PIT,BUF,Mason Rudolph,RudoMa00,0.0,0.0,,,8.0,0.211,1.0,8.0,3.0,3.0,7.0,0.167,,,
683,2023_19_PHI_TB,202401150tam,2023,19,WC,TB,PHI,Baker Mayfield,MayfBa00,8.0,0.229,,,3.0,0.086,4.0,12.0,1.0,1.0,6.0,0.143,,,
684,2023_19_PHI_TB,202401150tam,2023,19,WC,PHI,TB,Jalen Hurts,HurtJa00,2.0,0.061,,,1.0,0.03,3.0,24.0,8.0,1.0,12.0,0.308,,,
685,2023_20_HOU_BAL,202401200rav,2023,20,DIV,BAL,HOU,Lamar Jackson,JackLa00,1.0,0.048,,,3.0,0.143,3.0,20.0,2.0,2.0,7.0,0.233,,,
686,2023_20_HOU_BAL,202401200rav,2023,20,DIV,HOU,BAL,C.J. Stroud,StroCJ00,1.0,0.032,,,7.0,0.226,0.0,8.0,3.0,5.0,8.0,0.229,,,
687,2023_20_GB_SF,202401200sfo,2023,20,DIV,SF,GB,Brock Purdy,PurdBr00,1.0,0.027,,,11.0,0.297,1.0,12.0,2.0,4.0,7.0,0.167,,,
688,2023_20_GB_SF,202401200sfo,2023,20,DIV,GB,SF,Jordan Love,LoveJo03,1.0,0.03,,,7.0,0.212,0.0,2.0,4.0,5.0,9.0,0.257,,,
689,2023_20_TB_DET,202401210det,2023,20,DIV,DET,TB,Jared Goff,GoffJa00,1.0,0.024,,,7.0,0.167,2.0,18.0,1.0,3.0,6.0,0.13,,,
690,2023_20_TB_DET,202401210det,2023,20,DIV,TB,DET,Baker Mayfield,MayfBa00,4.0,0.103,,,5.0,0.128,4.0,13.0,4.0,3.0,11.0,0.239,,,
691,2023_20_KC_BUF,202401210buf,2023,20,DIV,BUF,KC,Josh Allen,AlleJo02,4.0,0.108,,,4.0,0.108,0.0,10.0,2.0,2.0,4.0,0.089,,,
692,2023_20_KC_BUF,202401210buf,2023,20,DIV,KC,BUF,Patrick Mahomes,MahoPa00,0.0,0.0,,,3.0,0.143,0.0,2.0,4.0,2.0,6.0,0.24,,,
693,2023_21_KC_BAL,202401280rav,2023,21,CON,BAL,KC,Lamar Jackson,JackLa00,2.0,0.059,,,9.0,0.265,4.0,17.0,2.0,3.0,9.0,0.196,,,
694,2023_21_KC_BAL,202401280rav,2023,21,CON,KC,BAL,Patrick Mahomes,MahoPa00,1.0,0.028,,,4.0,0.111,2.0,8.0,8.0,5.0,15.0,0.341,,,
695,2023_21_DET_SF,202401280sfo,2023,21,CON,SF,DET,Brock Purdy,PurdBr00,0.0,0.0,,,7.0,0.233,2.0,11.0,1.0,3.0,6.0,0.167,,,
696,2023_21_DET_SF,202401280sfo,2023,21,CON,DET,SF,Jared Goff,GoffJa00,3.0,0.075,,,10.0,0.25,2.0,4.0,2.0,3.0,7.0,0.163,,,
697,2023_22_SF_KC,202402110kan,2023,22,SB,KC,SF,Patrick Mahomes,MahoPa00,1.0,0.024,,,6.0,0.143,3.0,7.0,2.0,4.0,9.0,0.164,,,
698,2023_22_SF_KC,202402110kan,2023,22,SB,SF,KC,Brock Purdy,PurdBr00,2.0,0.056,,,5.0,0.139,1.0,18.0,0.0,8.0,9.0,0.22,,,
699,2023_22_SF_KC,202402110kan,2023,22,SB,SF,KC,Jauan Jennings,JennJa00,0.0,0.0,,,0.0,0.0,0.0,0.0,0.0,1.0,1.0,1.0,,,
